투자사,기업명,투자점수
"['알토스벤처스', ' 카카오벤처스', ' 에이티넘인베스트먼트', ' 에이티넘인베스트먼트', ' 카카오벤처스', ' 소프트뱅크벤처스', ' 컴퍼니케이파트너스', ' 끌림벤처스', ' 에이티넘인베스트먼트', ' 소프트뱅크벤처스', ' 컴퍼니케이파트너스', ' 베이스인베스트먼트', ' 끌림벤처스', ' 카카오벤처스', ' 컴퍼니케이파트너스', ' 베이스인베스트먼트', ' 끌림벤처스', ' 끌림벤처스']",라포랩스,380
"['콜버그크래비스로버츠', ' 웰링턴매니지먼트', ' 세쿼이아캐피탈', ' 아이엠엠인베스트먼트', ' 세쿼이아캐피탈']",무신사,155
"['제이비금융지주', ' 500글로벌', ' 기아', ' 트랜스링크캐피털', ' 500글로벌', ' 비공개투자자', ' 인터베스트', ' 스트롱벤처스', ' 제이비인베스트먼트', ' 우리은행', ' 쿠콘', ' 비공개투자자', ' 500글로벌', ' 스트롱벤처스', ' 퓨처플레이', ' 디캠프', ' 500글로벌', ' 퓨처플레이', ' 매쉬업엔젤스']",핀다,589
"['우리벤처파트너스', ' 컴퍼니케이파트너스', ' 알토스벤처스', ' 한국증권금융', ' 알토스벤처스', ' 컴퍼니케이파트너스', ' 다올인베스트먼트', ' 한국투자파트너스', ' 오라이언자산운용', ' 디에스씨인베스트먼트', ' 인터베스트', ' 컴퍼니케이파트너스', ' 다올인베스트먼트', ' 디에스씨인베스트먼트', ' 데브시스터즈벤처스', ' 한국투자파트너스', ' 현대기술투자', ' 다올인베스트먼트', ' 디에스씨인베스트먼트', ' 데브시스터즈벤처스', ' 엔에이치엔페이코', ' 골든에그', ' 엔에이치엔페이코']",와드,206
"['비공개', ' 넥슨코리아', ' 아스테란인베스트먼트', ' 아이엠엠인베스트먼트', ' 솔론인베스트먼트', ' 아스테란인베스트먼트', ' 넷마블']",마플코퍼레이션,21
"['앵커에쿼티파트너스', ' 아스펙스캐피탈', ' 앵커에쿼티파트너스', ' 애스펙스매니지먼트', ' 디티에스글로벌', ' 세쿼이아캐피탈차이나', ' 힐하우스캐피탈그룹', ' 밀레니엄매니지먼트', ' 씨제이대한통운', ' 힐하우스캐피탈그룹', ' 세마인베스트먼트', ' 세쿼이아캐피탈차이나', ' 에스케이네트웍스', ' 디지털스카이테크놀로지글로벌', ' 애스펙스매니지먼트', ' 힐하우스캐피탈그룹', ' 한국투자파트너스', ' 유티씨인베스트먼트', ' 미래에셋벤처투자', ' 캡스톤파트너스', ' 트랜스링크캐피털', ' 세쿼이아캐피탈차이나', ' 디지털스카이테크놀로지글로벌', ' 세쿼이아캐피탈차이나', ' 디지털스카이테크놀로지글로벌', ' 한국투자파트너스', ' 유티씨인베스트먼트', ' 미래에셋벤처투자', ' 캡스톤파트너스', ' 트랜스링크캐피털', ' 에스케이네트웍스', ' 비공개', ' 알펜루트자산운용', ' 한국투자파트너스', ' 유티씨인베스트먼트', ' 엘비인베스트먼트', ' 캡스톤파트너스', ' 디에스자산운용', ' 세마인베스트먼트', ' 아이비케이기업은행', ' 디에스씨인베스트먼트', ' 비공개개인투자자']",컬리,256
"['자이언트스텝', ' 자이언트스텝', ' 나이스투자파트너스', ' 에스제이투자파트너스', ' 티에스인베스트먼트', ' 티에스인베스트먼트', ' 에스제이투자파트너스', ' 케이비증권', ' 비공개', ' 와디즈파트너스', ' 이에스인베스터', ' 에스제이투자파트너스', ' 케이비증권', ' 에스제이투자파트너스', ' 케이비증권', ' 크립톤']",트립비토즈,18
"['디에스티글로벌', ' 애스펙스매니지먼트', ' 레버런트파트너스', ' 굿워터캐피털', ' 알토스벤처스', ' 카카오벤처스', ' 스트롱벤처스', ' 캡스톤파트너스', ' 소프트뱅크벤처스', ' 알토스벤처스', ' 소프트뱅크벤처스', ' 캡스톤파트너스', ' 카카오벤처스', ' 굿워터캐피털', ' 소프트뱅크벤처스', ' 스트롱벤처스', ' 카카오벤처스', ' 캡스톤파트너스', ' 스트롱벤처스', ' 카카오벤처스']",당근마켓,497
"['브이아이지파트너스', ' 알토스벤처스', ' 아이엠엠인베스트먼트', ' 스마일게이트인베스트먼트', ' 한국산업은행', ' 액시엄아시아프라이빗캐피탈', ' 파텍파트너스', ' 텍톤벤처스', ' 아이비케이캐피탈', ' 알토스벤처스', ' 미래에셋캐피탈', ' 아이엠엠인베스트먼트', ' 스마일게이트인베스트먼트', ' 아이비케이캐피탈', ' 알토스벤처스', ' 미래에셋캐피탈', ' 아이엠엠인베스트먼트', ' 스마일게이트인베스트먼트', ' 아이엠엠인베스트먼트', ' 알토스벤처스', ' 스마일게이트인베스트먼트', ' 스마일게이트인베스트먼트', ' 캡스톤파트너스', ' 본엔젤스벤처파트너스', ' 매쉬업엔젤스', ' 프라이머']",마이리얼트립,651
"['한국산업은행', ' 아이엠엠인베스트먼트', ' 소프트뱅크벤처스', ' 비알브이캐피털매니지먼트', ' 버텍스홀딩스', ' 미래에셋캐피탈', ' 미래에셋벤처투자', ' 케이비인베스트먼트', ' 스마일게이트인베스트먼트', ' 본드캐피탈', ' 본드캐피탈', ' 아이엠엠인베스트먼트', ' 미래에셋벤처투자', ' 미래에셋캐피탈', ' 네이버', ' 네이버', ' 미래에셋벤처투자', ' 아이엠엠인베스트먼트', ' 아이엠엠인베스트먼트', ' 본엔젤스벤처파트너스', ' 스프링캠프', ' 서울대학교기술지주', ' 매쉬업엔젤스']",버킷플레이스,445
"['그린옥스캐피털', ' 디지털스카이테크놀로지글로벌', ' 한화', ' 아이엠엠인베스트먼트', ' 데브시스터즈벤처스', ' 끌림벤처스']",플렉스,49
"['한국산업은행', ' 디에스씨인베스트먼트', ' 에이치비인베스트먼트', ' 아이비케이기업은행', ' 엘앤에스벤처캐피탈', ' 케이디비캐피탈', ' 나우아이비캐피탈', ' 케이투인베스트먼트파트너스', ' 서울투자파트너스', ' 이앤벤처파트너스', ' 하이투자파트너스', ' 에스케이네트웍스']",에버온,59
"['알토스벤처스', ' 스마일게이트인베스트먼트', ' 다올인베스트먼트', ' 펄어비스캐피탈', ' 알토스벤처스']",화이트큐브,112
"['아이엠엠인베스트먼트', ' 대교인베스트먼트', ' 본엔젤스벤처파트너스', ' 제트벤처캐피탈', ' 아이비케이기업은행', ' 팁스', ' 아이엠엠인베스트먼트', ' 대교인베스트먼트', ' 본엔젤스벤처파트너스']",문토,182
"['파인트리자산운용', ' 엘비인베스트먼트', ' 에스브이인베스트먼트', ' 캡스톤파트너스', ' 코오롱인베스트먼트', ' 인터베스트', ' 신한캐피탈', ' 스마일게이트인베스트먼트', ' 에스브이인베스트먼트', ' 프리미어파트너스', ' 인터베스트', ' 스틱벤처스', ' 캡스톤파트너스', ' 엘앤에스벤처캐피털', ' 브레이브뉴인베스트먼트', ' 라이프자산운용', ' 한국산업은행', ' 신한벤처투자', ' 엘비인베스트먼트', ' 코오롱인베스트먼트', ' 시그나이트파트너스', ' 엘비인베스트먼트', ' 코오롱인베스트먼트']",에이블리코퍼레이션,235
"['하이브', ' 알토스벤처스', ' 새한창업투자', ' 하나금융지주', ' 한화투자증권', ' 디에스씨인베스트먼트', ' 한화투자증권', ' 글로벌브레인', ' 에이티넘인베스트먼트', ' 코오롱인베스트먼트', ' 카카오', ' 카카오벤처스', ' 우리기술투자', ' 퀄컴벤처스', ' 카카오벤처스']",두나무,159
"['아이엠엠프라이빗에쿼티', ' 지에스리테일', ' 스틱벤처스', ' 이에스인베스터', ' 아이디벤처스', ' 케이앤투자파트너스', ' 뮤렉스파트너스', ' 씨제이인베스트먼트', ' 대한제분', ' 씨제이인베스트먼트', ' 지에스홈쇼핑', ' 코리아오메가투자금융', ' 킹슬리벤처스', ' 뮤렉스파트너스', ' 우리와', ' 킹슬리벤처스', ' 뮤렉스파트너스', ' 디에스앤파트너스', ' 지에스홈쇼핑']",펫프렌즈,161
"['스마일게이트인베스트먼트', ' 케이비증권', ' 알토스벤처스', ' 우리벤처파트너스', ' 디에스씨인베스트먼트', ' 알토스벤처스', ' 프라이머']",프리윌린,222
"['씨제이인베스트먼트', ' 위벤처스', ' 스프링캠프', ' 디에스자산운용', ' 제이비인베스트먼트', ' 위벤처스', ' 씨제이인베스트먼트', ' 스프링캠프', ' 스프링캠프', ' 부산지역대학연합기술지주', ' 연세대학교기술지주', ' 테크인베스트', ' 스프링캠프']",데일리샷,185
"['한국산업은행', ' 에이티넘인베스트먼트', ' 빅베이슨캐피탈', ' 미래에셋벤처투자', ' 브리즈인베스트먼트', ' 에이티넘인베스트먼트', ' 케이투인베스트먼트파트너스', ' 한국투자증권', ' 디에스자산운용', ' 네이버', ' 한국산업은행', ' 네이버', ' 에스비아이인베스트먼트', ' 에이티넘인베스트먼트', ' 미래에셋벤처투자', ' 디에스씨인베스트먼트', ' 세마인베스트먼트', ' 한국투자신탁운용', ' 미래에셋벤처투자', ' 디에스자산운용', ' 세마인베스트먼트', ' 디에스씨인베스트먼트', ' 빅베이슨캐피탈', ' 세마인베스트먼트', ' 비공개', ' 빅베이슨캐피탈', ' 비공개', ' 엔텔스', ' 팁스', ' 디에스씨인베스트먼트', ' 비공개', ' 엔텔스', ' 원앤파트너스유한책임회사']",브랜디,254
"['에이벤처스', ' 케이비인베스트먼트', ' 한국성장금융투자운용', ' 케이티인베스트먼트', ' 롯데벤처스', ' 더웰스인베스트먼트', ' 비공개', ' 롯데벤처스', ' 더웰스인베스트먼트', ' 케이브릿지인베스트먼트', ' 쿨리지코너인베스트먼트', ' 비공개투자자', ' 신용보증기금']",페이타랩,152
"['우아디에이치아시아', ' 세쿼이아캐피탈', ' 힐하우스캐피탈그룹', ' 싱가포르투자청', ' 네이버', ' 힐하우스캐피탈그룹', ' 알토스벤처스', ' 아이엠엠인베스트먼트', ' 스톤브릿지벤처스', ' 알토스벤처스', ' 아이엠엠인베스트먼트', ' 스톤브릿지벤처스', ' 본엔젤스벤처파트너스']",우아한형제들,269
"['케이비인베스트먼트', ' 디에스자산운용', ' 스마일게이트인베스트먼트', ' 캡스톤파트너스']",팀스파르타,76
"['토닉프라이빗에쿼티', ' 비공개투자자', ' 페블즈자산운용', ' 한국산업은행', ' 굿워터캐피털', ' 그레이하운드캐피털', ' 하베스트인베스트먼트', ' 알토스벤처스', ' 굿워터캐피털', ' 그레이하운드캐피털', ' 한국산업단지', ' 광주은행', ' 우리벤처파트너스', ' 미래에셋증권', ' 알토스벤처스', ' 한국산업은행', ' 광주은행', ' 다올인베스트먼트', ' 미래에셋증권', ' 굿워터캐피털', ' 그레이하운드캐피털', ' 한국산업은행', ' 알키온캐피탈매니지먼트', ' 알토스벤처스', ' 그레이하운드캐피털', ' 애스펙스매니지먼트', ' 세쿼이아캐피탈차이나', ' 클라이너퍼킨스코필드앤바이어스', ' 알토스벤처스', ' 굿워터캐피털', ' 그레이하운드캐피털', ' 베세머벤처파트너스', ' 알토스벤처스', ' 굿워터캐피털', ' 클라이너퍼킨스코필드앤바이어스', ' 싱가포르투자청', ' 세쿼이아캐피탈차이나', ' 애스펙스매니지먼트', ' 클라이너퍼킨스코필드앤바이어스', ' 리빗캐피털', ' 베세머벤처파트너스', ' 알토스벤처스', ' 퀄컴벤처스', ' 페이팔', ' 굿워터캐피털', ' 싱가포르투자청', ' 세쿼이아캐피탈차이나', ' 베세머벤처파트너스', ' 알토스벤처스', ' 페이팔', ' 굿워터캐피털', ' 파테크벤처스', ' 알토스벤처스', ' 퀄컴벤처스', ' 굿워터캐피털', ' 아이비케이기업은행', ' 알토스벤처스', ' 다올인베스트먼트', ' 알토스벤처스']",비바리퍼블리카,960
"['에이벤처스', ' 펄어비스캐피탈', ' 퓨처플레이', ' 신한캐피탈', ' 케이디비캐피탈', ' 대성창업투자', ' 케이디비캐피탈', ' 퓨처플레이', ' 신한캐피탈', ' 에이벤처스', ' 펄어비스캐피탈']",코드잇,157
"['삼성벤처투자', ' 롯데헬스케어', ' 인사이트에퀴티파트너스', ' 녹십자', ' 해시드', ' 이앤인베스트먼트', ' 케이투인베스트먼트파트너스', ' 삼성넥스트', ' 인사이트에퀴티파트너스', ' 신용보증기금', ' 지씨케어', ' 네오플라이', ' 네이버', ' 뉴플라이트', ' 팁스', ' 카이트창업가재단', ' 포스코기술투자', ' 천재교육', ' 천재교육', ' 한국벤처투자', ' 서울산업진흥원', ' 비공개개인투자자']",아토머스,179
"['메리츠증권', ' 칼립스캐피탈', ' 유안타증권']",서린컴퍼니,3
"['비알브이캐피털매니지먼트', ' 스틱벤처스', ' 퀀텀벤처스코리아', ' 컴퍼니케이파트너스', ' 알바트로스인베스트먼트', ' 대교인베스트먼트', ' 타임웍스인베스트먼트', ' 우리기술투자', ' 현대기술투자', ' 컴퍼니케이파트너스', ' 알바트로스인베스트먼트', ' 대교인베스트먼트', ' 우리기술투자', ' 패스트인베스트먼트']",네오사피엔스,18
"['굿워터캐피털', ' 스마일게이트인베스트먼트', ' 미래에셋캐피탈', ' 소프트뱅크벤처스', ' 해시드', ' 해시드', ' 팁스', ' 포항공과대학교기술지주', ' 김기사랩']",페이히어,128
"['에이치앤큐코리아파트너스', ' 케이비인베스트먼트', ' 페블즈자산운용', ' 케이비증권', ' 한화투자증권', ' 무신사', ' 알토스벤처스', ' 아주아이비투자', ' 소프트뱅크벤처스', ' 한국산업은행', ' 알토스벤처스', ' 디에스자산운용', ' 삼성벤처투자', ' 소프트뱅크벤처스', ' 아주아이비투자', ' 한국투자파트너스', ' 알토스벤처스', ' 삼성벤처투자', ' 디에스자산운용', ' 케이티인베스트먼트', ' 하나벤처스', ' 알토스벤처스', ' 소프트뱅크벤처스', ' 하나벤처스']",의식주컴퍼니,449
"['삼성벤처투자', ' 제트벤처캐피탈', ' 빅베이슨캐피탈', ' 현대해상', ' 디지털헬스케어파트너스', ' 플럭스벤처스', ' 미래에셋벤처투자', ' 팁스', ' 빅베이슨캐피탈', ' 서울산업진흥원', ' 현대해상', ' 크립톤', ' 스파크랩']",빌리지베이비,169
"['아이엠엠인베스트먼트', ' 브이플랫폼인베스트먼트', ' 아주아이비투자', ' 이에스인베스터', ' 한국투자증권', ' 슈미트', ' 에스엘인베스트먼트', ' 슈미트', ' 미래에셋벤처투자', ' 아주아이비투자', ' 이에스인베스터', ' 인포뱅크']",바잇미,103
"['비공개', ' 빅베이슨캐피탈', ' 엘비인베스트먼트', ' 씨엔티테크', ' 한국투자파트너스', ' 퓨처플레이', ' 빅베이슨캐피탈', ' 빅베이슨캐피탈']",티오더,164
"['알토스벤처스', ' 비공개투자자', ' 알토스벤처스']",와이즐리컴퍼니,81
"['케이비인베스트먼트', ' 프리미어파트너스', ' 스톤브릿지벤처스', ' LEGEND', ' CAPITAL', ' 하나벤처스', ' 원익투자파트너스', ' 프리미어파트너스', ' 스톤브릿지벤처스', ' 에스브이인베스트먼트']",힐링페이퍼,90
"['에이티넘인베스트먼트', ' 케이비인베스트먼트', ' 파빌리온캐피탈', ' 아이엠엠인베스트먼트', ' 본엔젤스벤처파트너스', ' 가디언펀드', ' 라구나인베스트먼트', ' 에이티넘인베스트먼트', ' 케이비인베스트먼트', ' 라구나인베스트먼트', ' 케이비인베스트먼트', ' 라구나인베스트먼트', ' 비공개투자자', ' 글로벌브레인', ' 코로프라넥스트', ' 아주아이비투자', ' 한국투자파트너스', ' 팁스', ' 본엔젤스벤처파트너스', ' 패스트트랙아시아', ' 스파크랩']",채널코퍼레이션,345
"['뉴욕증권거래소', ' 소프트뱅크인베스트먼트어드바이저', ' 비공개투자자', ' 소프트뱅크그룹', ' 웰링턴', ' 블랙록', ' 그린옥스캐피털', ' 일루미네이트벤처스', ' 로즈파크어드바이저', ' 세쿼이아캐피탈', ' 소프트뱅크그룹', ' 그린옥스캐피털', ' 크로스크릭어드바이저', ' 파노라마포인트파트너스', ' 로즈파크어드바이저', ' 런치타임', ' Brad', ' Kotansky', ' 매버릭캐피탈', ' 알토스벤처스', ' 파운더콜렉티브', ' 로즈파크어드바이저']",쿠팡,137
"['쏘카', ' 롯데렌탈', ' 에스지프라이빗에쿼티', ' 송현인베스트먼트', ' 엘비프라이빗에쿼티', ' 케이비인베스트먼트', ' 알토스벤처스', ' 소프트뱅크벤처스', ' 스톤브릿지벤처스', ' 아이엠엠프라이빗에쿼티', ' 베인캐피탈', ' 에스케이', ' 베인캐피탈', ' 콜라보레이티브펀드', ' 소풍벤처스']",쏘카,133
['케이비인베스트먼트'],리체,25
"['아주아이비투자', ' 코오롱인베스트먼트', ' 하이투자파트너스', ' 파크샤테크놀로지캐피탈', ' 프라이머사제파트너스', ' 아이비케이기업은행', ' 디캠프', ' 프라이머', ' 프라이머사제파트너스', ' 프라이머']",김캐디,243
"['카카오', ' 알토스벤처스', ' 스톤브릿지벤처스', ' 알토스벤처스']",카카오스타일,96
"['비공개', ' 케이티에스테이트', ' 다올인베스트먼트', ' 카카오벤처스', ' 에스비아이인베스트먼트', ' 코리아오메가투자금융', ' 퀀텀벤처스코리아', ' 원익투자파트너스', ' 에스비아이인베스트먼트', ' 카카오벤처스']",세컨신드롬,68
"['컴퍼니케이파트너스', ' 소프트뱅크벤처스', ' 티비티파트너스', ' 프리미어파트너스', ' 스톤브릿지벤처스']",업스테이지,58
"['소프트뱅크인베스트먼트어드바이저', ' 한국산업은행', ' 엔베스터', ' 인터베스트', ' 아이엠엠인베스트먼트', ' 아이엠엠인베스트먼트', ' 프리미어파트너스', ' 디에스씨인베스트먼트', ' 한국성장금융투자운용', ' 알펜루트자산운용', ' 한국투자파트너스', ' 이에스인베스터', ' 파트너스인베스트먼트', ' 컴퍼니케이파트너스', ' 넥스트지인베스트먼트', ' 엔피엑스', ' 비공개', ' 대성창업투자', ' 이에스인베스터', ' 디에스씨인베스트먼트', ' 디에스자산운용', ' 디에스씨인베스트먼트', ' 신한캐피탈', ' 디쓰리쥬빌리파트너스', ' 이덕준', ' 김상범', ' 더벤처스', ' 팁스', ' 김영애', ' 디캠프', ' 정장환']",뤼이드,240
"['프리미어파트너스', ' 스마일게이트인베스트먼트', ' 케이티인베스트먼트', ' 케이비인베스트먼트', ' 기술보증기금', ' 본엔젤스벤처파트너스', ' 액세스벤처스', ' 씨제이인베스트먼트', ' 신한캐피탈', ' 퓨처플레이', ' 팁스', ' 퓨처플레이']",파이온코퍼레이션,279
"['한국산업은행', ' 에이티넘인베스트먼트', ' 아이엠엠인베스트먼트', ' 스트롱벤처스', ' 티비티파트너스', ' 위벤처스', ' 레이크우드파트너스', ' 아이비엑스파트너스', ' 비공개투자자', ' 에이티넘인베스트먼트', ' 아이엠엠인베스트먼트', ' 와이컴비네이터', ' 스트롱벤처스', ' 아이디벤처스', ' 데브시스터즈벤처스', ' 티비티파트너스', ' 아이엠엠인베스트먼트', ' 아이디벤처스', ' 데브시스터즈벤처스', ' 와이컴비네이터', ' 스트롱벤처스', ' 에프제일랩스', ' 뷔캐피탈', ' 122웨스트벤처스', ' 타우러스벤처스', ' 저스트왈든', ' 데이빗', ' 피터슨', ' 본엔젤스벤처파트너스', ' 프라이머', ' 사제', ' 권도균']",브레이브모바일,655
"['리벤처스', ' 소프트뱅크벤처스', ' 새한창업투자', ' 해시드', ' 크릿벤처스', ' 프라이머사제파트너스', ' 미래에셋캐피탈', ' 앤파트너스', ' 굿워터캐피털', ' 스마트스터디벤처스', ' 스프링벤처스', ' 소프트뱅크벤처스', ' 새한창업투자', ' 해시드', ' 크릿벤처스', ' 네이버', ' 미래에셋벤처투자']",닥터나우,170
"['씨제이인베스트먼트', ' 에스엘인베스트먼트', ' 위벤처스', ' 케이비인베스트먼트', ' 아이비케이기업은행', ' 케이비인베스트먼트', ' 에스엘인베스트먼트', ' 캡스톤파트너스', ' 팁스', ' 케이브릿지인베스트먼트', ' 스프링캠프', ' 마젤란기술투자', ' 비공개투자자', ' 마젤란기술투자']",아우름플래닛,161
"['아이엠엠인베스트먼트', ' 에이티넘인베스트먼트', ' 엘비인베스트먼트', ' 뮤렉스파트너스', ' 에스엘인베스트먼트', ' 한국투자증권', ' 아이엠엠인베스트먼트', ' 뮤렉스파트너스', ' 한국투자파트너스', ' 에이티넘인베스트먼트', ' 아주아이비투자', ' 엘비인베스트먼트', ' 뮤렉스파트너스', ' 한국투자파트너스', ' 아이엠엠인베스트먼트', ' 뮤렉스파트너스', ' 한국투자파트너스', ' 아이엠엠인베스트먼트', ' 뮤렉스파트너스']",트렌비,273
"['카카오', ' 한국투자파트너스', ' 신한벤처투자', ' 티비티파트너스', ' 한국투자파트너스', ' 신한벤처투자', ' 티비티파트너스']",그립컴퍼니,93
"['인터파크', ' 한국투자파트너스', ' 케이비인베스트먼트', ' 디에스씨인베스트먼트', ' 다올인베스트먼트', ' 스마일게이트인베스트먼트', ' 케이브릿지인베스트먼트', ' 야놀자', ' 아주아이비투자', ' 아이비케이캐피탈', ' 한국투자파트너스', ' 케이비인베스트먼트', ' 키움인베스트먼트', ' 미래에셋벤처투자', ' 스마일게이트인베스트먼트', ' 신한벤처투자', ' 다올인베스트먼트', ' 디에스씨인베스트먼트', ' 케이비증권', ' 아이비케이투자증권', ' 엔비에이치캐피탈', ' 비엔에이에셋', ' 강수현', ' 아주아이비투자', ' 한국투자파트너스', ' 케이비인베스트먼트', ' 네이버', ' 투어팁스']",트리플,320
"['컴퍼니케이파트너스', ' 프리미어파트너스', ' 한국산업은행', ' 인터베스트', ' 미래에셋벤처투자', ' 알토스벤처스', ' 미래에셋벤처투자', ' 아이엠엠인베스트먼트', ' 인터베스트', ' 알토스벤처스', ' 동문파트너즈']",크몽,155
['디에스씨인베스트먼트'],피플벤처스,20
"['삼천리자산운용', ' 넵스톤홀딩스', ' 레버런트파트너스', ' 신한금융그룹', ' 한국산업은행', ' 한국투자증권', ' 우리벤처파트너스', ' 케이비인베스트먼트', ' 삼성벤처투자', ' 일룸', ' 우리벤처파트너스', ' 소프트뱅크벤처스', ' 비공개', ' 소프트뱅크벤처스']",아파트멘터리,154
"['디에스자산운용', ' 카카오벤처스', ' 케이티인베스트먼트', ' 본엔젤스벤처파트너스', ' 에이치비인베스트먼트', ' 카카오벤처스', ' 본엔젤스벤처파트너스']",엑스트라이버,197
"['한국투자파트너스', ' 신한캐피탈', ' 신한투자증권']",넛지헬스케어,27
"['수이제네리스파트너스', ' 에이티넘인베스트먼트', ' 신한벤처투자', ' 위벤처스', ' 케이비인베스트먼트', ' 플레이메이크벤처스', ' 에이티넘인베스트먼트', ' 베이스인베스트먼트', ' 베이스인베스트먼트', ' 비공개투자자']",포스타입,95
['케이스톤파트너스'],아로마티카,1
"['싱가포르투자청', ' 한국산업은행', ' 엔베스터', ' 에이티넘파트너스', ' 비공개투자자', ' 한국산업은행', ' 대성창업투자', ' 에이티넘인베스트먼트', ' 컴퍼니케이파트너스', ' 한국투자증권', ' 하나벤처스', ' 프리미어파트너스', ' 컴퍼니케이파트너스', ' 프랙시스캐피탈파트너스', ' 신한투자증권', ' 에이티넘인베스트먼트', ' 미래에셋벤처투자', ' 컴퍼니케이파트너스', ' 네오플럭스', ' 에이티넘인베스트먼트', ' 미래에셋벤처투자']",리디,157
"['유진자산운용', ' 롯데쇼핑', ' 엔에이치투자증권', ' 오퍼스프라이빗에퀴티', ' 푸른파트너스자산운용', ' 엔에이치엔페이코', ' 키움증권', ' 제이비우리캐피탈', ' 유안타증권']",중고나라,23
"['티에스인베스트먼트', ' 나우아이비캐피탈', ' 아이비케이기업은행', ' 스퀘어벤처스', ' 케이브릿지인베스트먼트', ' 브리즈인베스트먼트', ' 케이비인베스트먼트', ' 캡스톤파트너스', ' 지앤텍벤처투자', ' 나우아이비캐피탈', ' 한국투자파트너스', ' 아난티', ' 케이비인베스트먼트', ' 이에스인베스터', ' 카카오벤처스', ' 베이스인베스트먼트', ' 비공개투자자', ' 야놀자', ' 티몬']",온다,153
"['주렁주렁', ' 롯데벤처스', ' 스파크랩']",코스모스이펙트,76
"['에스브이인베스트먼트', ' 퓨처플레이', ' 엘지유플러스', ' 한국투자파트너스', ' 크릿벤처스', ' 애경산업', ' 중소벤처기업진흥공단', ' 퓨처플레이', ' 인사이트에퀴티파트너스', ' 에스브이인베스트먼트', ' 비공개개인투자자', ' 팁스', ' 퓨처플레이', ' 인사이트에퀴티파트너스']",인덴트코퍼레이션,252
"['한국투자파트너스', ' 에이티넘인베스트먼트', ' 아이피벤처스', ' 한국산업은행', ' 카카오벤처스', ' 컴퍼니케이파트너스', ' 아이피벤처스', ' 티그리스인베스트먼트', ' 한국산업은행', ' 한국투자파트너스', ' 대교', ' 대교인베스트먼트', ' 500글로벌', ' 카카오벤처스', ' 대교인베스트먼트', ' 디캠프', ' 우리은행', ' 하나은행', ' 500글로벌', ' 카카오벤처스', ' 더인벤션랩', ' 벤처스퀘어', ' 에스오피오오엔지']",자란다,449
"['컴바인드딜리버리플랫폼인베스트먼트', ' 딜리버리히어로', ' 인사이트벤처파트너스', ' 딜리버리히어로', ' 팀유럽']",위대한상상,5
"['해시드', ' 스트롱벤처스', ' 스트롱벤처스', ' 서울산업진흥원', ' 씨엔티테크', ' 프라이머', ' 프라이머']",코드스테이츠,286
"['피에스얼라이언스', ' 에이치비인베스트먼트', ' 케이비증권', ' 대신증권', ' 나이스투자파트너스', ' 케이아이에스정보통신', ' 사이버에이전트벤처즈코리아', ' 본엔젤스벤처파트너스']",버드뷰,67
"['한국투자파트너스', ' 대교인베스트먼트', ' 엘비인베스트먼트', ' 보광창업투자', ' 비공개', ' 한국투자파트너스', ' 디티앤인베스트먼트', ' 대교인베스트먼트', ' 코로프라넥스트', ' 우리기술투자', ' 한국투자파트너스']",엔라이즈,101
"['디티앤인베스트먼트', ' 다올인베스트먼트', ' 한국산업은행', ' 비에스케이인베스트먼트', ' 하이투자파트너스', ' 미래에셋벤처투자', ' 디티앤인베스트먼트', ' 케이런벤처스', ' 팁스', ' 본엔젤스벤처파트너스']",맘편한세상,111
"['트랜스링크인베스트먼트', ' 인포뱅크', ' 더이노베이터스', ' 디캠프', ' 개인투자자', ' 팁스', ' 인포뱅크', ' 트랜스링크인베스트먼트', ' 더이노베이터스']",남도마켓,27
"['마그나인베스트먼트', ' 한국투자파트너스', ' 현대자동차', ' 제로원', ' 빌랑스인베스트먼트', ' 삼성벤처투자', ' 휴맥스', ' 휴맥스', ' 티비티파트너스', ' 비공개투자자']",엑스와이지,87
"['스톤브릿지벤처스', ' 롯데벤처스', ' 에이치와이케이파트너스', ' 이수창업투자', ' 마이다스동아인베스트먼트', ' 케이비증권', ' 케이비증권', ' 에스제이투자파트너스', ' 에스제이투자파트너스', ' 케이비증권', ' 이랜드월드', ' 한국산업은행', ' 카카오벤처스', ' 비공개투자자']",컬쳐히어로,85
"['코스닥공모', ' 한국투자파트너스', ' 아이엠엠인베스트먼트', ' 다올인베스트먼트', ' 로그인베스트먼트']",브랜드엑스코퍼레이션,43
"['스마일게이트인베스트먼트', ' 인라이트벤처스', ' 한국산업은행', ' 하나벤처스', ' 동훈인베스트먼트', ' 비공개투자자', ' 스마일게이트인베스트먼트', ' 에스브이인베스트먼트', ' 다올인베스트먼트', ' 에스엘인베스트먼트', ' 원익투자파트너스', ' 스마일게이트인베스트먼트', ' 동훈인베스트먼트', ' 어니스트벤처스', ' 인라이트벤처스', ' 하나벤처스', ' 하나벤처스']",설로인,174
"['아이비케이캐피탈', ' 메디치인베스트먼트', ' 센트럴투자파트너스', ' 다날투자파트너스', ' 패스파인더에이치', ' 다날투자파트너스', ' 휴맥스', ' 알티캐스트', ' 패스파인더에이치', ' 로우파트너스', ' 코맥스벤처러스', ' 히스토리벤처투자', ' 중소벤처기업진흥공단']",네이처모빌리티,13
"['씨제이프레시웨이', ' 데일리푸드홀딩스', ' 나우아이비캐피탈', ' 더터닝포인트', ' 지에스에이프라이빗에쿼티', ' 베이스인베스트먼트', ' 비공개개인투자자', ' 비공개투자자']",마켓보로,8
"['씨제이이엔엠', ' 카카오인베스트먼트', ' 케이투인베스트먼트파트너스', ' 아이엠엠인베스트먼트', ' 소프트뱅크벤처스', ' 케이투인베스트먼트파트너스', ' 메디치인베스트먼트']",머스트잇,60
"['엔에이치투자증권', ' 인포뱅크', ' 마젤란기술투자']",아이쿠카,3
"['한국산업은행', ' 비엔케이벤처투자', ' 신한자산운용', ' 비공개', ' 이지스투자파트너스', ' 현대차증권', ' 더웰스인베스트먼트', ' 위벤처스', ' 나우아이비캐피탈', ' 롯데벤처스', ' 신한대체투자운용', ' 포스코기술투자', ' 비하이인베스트먼트', ' 나우아이비캐피탈', ' 한국벤처투자', ' 비하이인베스트먼트', ' 포스코기술투자', ' 씨엔씨티에너지', ' 쿨리지코너인베스트먼트', ' 케이브릿지인베스트먼트', ' 한국벤처투자', ' 쿨리지코너인베스트먼트', ' 쿨리지코너인베스트먼트', ' 케이브릿지인베스트먼트', ' 비공개개인투자자', ' 쿨리지코너인베스트먼트', ' 케이브릿지인베스트먼트', ' 케이브릿지인베스트먼트']",센디,140
"['한국투자파트너스', ' 팁스', ' 베이스인베스트먼트', ' 패스트벤처스', ' 스프링캠프', ' 스프링캠프']",넥스트에디션,126
"['비공개개인투자자', ' 가던트헬스', ' 카카오벤처스', ' 소프트뱅크벤처스', ' 포메이션8', ' 인터베스트', ' 미래에셋벤처투자', ' 케이티인베스트먼트', ' LEGEND', ' CAPITAL', ' 신한투자증권', ' 아이엠엠인베스트먼트', ' 엔에이치투자증권', ' 비공개', ' 플러그앤플레이', ' 아이엠엠인베스트먼트', ' 인터베스트', ' 카카오벤처스', ' 신한투자증권', ' 엔에이치투자증권', ' 엘지씨엔에스', ' LEGEND', ' CAPITAL', ' 미래에셋벤처투자', ' 인터베스트', ' 소프트뱅크벤처스', ' 포메이션8', ' 카카오벤처스', ' 케이티인베스트먼트', ' LEGEND', ' CAPITAL', ' 인터베스트', ' 소프트뱅크벤처스', ' 포메이션8', ' 카카오벤처스', ' 카카오벤처스', ' 팁스']",루닛,448
"['다올인베스트먼트', ' 아이엠엠인베스트먼트', ' 코오롱인베스트먼트', ' 브리즈인베스트먼트', ' 컴퍼니케이파트너스', ' 네이버', ' D2SF', ' 라구나인베스트먼트', ' 컴퍼니케이파트너스', ' 라구나인베스트먼트', ' 팁스', ' 본엔젤스벤처파트너스', ' 네이버', ' D2SF', ' 김기사랩']",마이프랜차이즈,197
"['나이스투자파트너스', ' 알토스벤처스', ' 신한벤처투자', ' 미래에셋벤처투자', ' 나우아이비캐피탈', ' 에스제이투자파트너스', ' 베이스인베스트먼트', ' 알토스벤처스', ' 베이스인베스트먼트', ' 씨케이디창업투자', ' 카이스트청년창업투자지주']",크리에이트립,127
"['현대해상', ' 아이비케이기업은행', ' 케이브릿지인베스트먼트', ' 디쓰리쥬빌리파트너스', ' 에스지씨파트너스', ' 뮤렉스파트너스', ' 인터밸류파트너스', ' 뮤렉스파트너스', ' 롯데벤처스', ' 현대해상', ' 인사이트에퀴티파트너스', ' 하나은행', ' 휴맥스', ' 디쓰리쥬빌리파트너스', ' 미래과학기술지주', ' 신용보증기금', ' 인사이트에퀴티파트너스', ' 엠와이소셜컴퍼니', ' 휴맥스', ' 팁스', ' 비공개', ' 미래과학기술지주', ' 디쓰리쥬빌리파트너스', ' 스파크랩', ' 롯데벤처스']",케어닥,224
"['비공개투자자', ' 이베스트투자증권', ' 엘에스에스프라이빗에쿼티', ' 카카오벤처스', ' 메이플투자파트너스', ' 에이티넘인베스트먼트', ' 컴퍼니케이파트너스', ' 퀀텀벤처스코리아', ' 에스비아이인베스트먼트', ' 가이아벤처파트너스', ' 신한벤처투자', ' 신한벤처투자', ' 아주아이비투자', ' 에이지인베스트먼트', ' 레오파트너스인베스트먼트', ' 메이플투자파트너스', ' 송현인베스트먼트', ' 해시드', ' 한국산업은행', ' 케이클라비스인베스트먼트', ' 킹슬리캐피탈파트너스', ' 이베스트투자증권', ' 삼호그린인베스트먼트', ' 캡스톤파트너스', ' 제이비인베스트먼트', ' 카카오벤처스']",왓챠,169
"['유안타인베스트먼트', ' 아이엠엠인베스트먼트', ' 엔에이치농협캐피탈', ' 디티앤인베스트먼트', ' 현대기술투자', ' 아주아이비투자', ' 에스케이증권', ' 비엔케이벤처투자', ' 아주아이비투자', ' 제이비인베스트먼트', ' 케이비인베스트먼트', ' 현대기술투자', ' 아주아이비투자', ' 에스비아이인베스트먼트', ' 케이비인베스트먼트']",꾸까,91
"['신한금융그룹', ' 프랙시스캐피탈파트너스', ' 에이티넘인베스트먼트', ' 미래에셋캐피탈', ' 시그나이트파트너스', ' 미래에셋캐피탈', ' 미래에셋벤처투자', ' 씨제이인베스트먼트', ' 에스투엘파트너스', ' 베이스인베스트먼트', ' 비알브이캐피털매니지먼트', ' 프랙시스캐피탈파트너스', ' 네이버', ' 캠프모바일', ' 프라이머']",번개장터,193
"['롯데지주', ' 한국산업은행']",와디즈,16
"['하나벤처스', ' 케이티인베스트먼트', ' 가이아벤처파트너스', ' 한국성장금융투자운용', ' 미래에셋벤처투자', ' 미래에셋캐피탈', ' 한국투자파트너스', ' 다올인베스트먼트', ' 대성창업투자', ' 대성창업투자', ' 하이투자파트너스', ' 한국투자파트너스', ' 다올인베스트먼트', ' 대성창업투자', ' 하이투자파트너스', ' 디캠프']",오늘식탁,134
"['데브시스터즈벤처스', ' 신한투자증권', ' 인사이트에퀴티파트너스', ' 한국투자파트너스', ' 스마일게이트인베스트먼트', ' 위벤처스', ' 알펜루트자산운용', ' 뉴플라이트', ' 디지털헬스케어파트너스', ' 프라이머']",닥터다이어리,195
"['코스닥공모', ' 아이비케이기업은행', ' 에이티넘인베스트먼트', ' 미래에셋벤처투자', ' 컴퍼니케이파트너스', ' 한국투자증권', ' 한국산업은행', ' 아이비케이기업은행', ' 에스엘인베스트먼트', ' 코오롱인베스트먼트', ' 다올인베스트먼트', ' 한국투자증권', ' 트루벤인베스트먼트', ' 옥판', ' 벡토르', ' 리스크몬스터', ' 스톤브릿지벤처스', ' 미래에셋벤처투자', ' 다올인베스트먼트', ' 스톤브릿지벤처스', ' 스파크랩']",원티드랩,216
"['한국투자증권', ' 인터밸류파트너스', ' 골든오크벤처스', ' 디비캐피탈', ' 스틱벤처스', ' 파트너스인베스트먼트', ' 동훈인베스트먼트', ' 이앤인베스트먼트', ' 인라이트벤처스', ' 케이앤투자파트너스', ' 아이비케이기업은행', ' 파이오니어인베스트먼트', ' 파트너스인베스트먼트', ' 메디치인베스트먼트', ' 스틱벤처스', ' 한국산업은행', ' 비공개', ' 비공개투자자']",드림에이스,46
"['에스케이브로드밴드', ' 스마일게이트인베스트먼트', ' 에스브이인베스트먼트', ' 아이엠엠인베스트먼트', ' 두나무앤파트너스', ' 한국투자파트너스', ' 현대기술투자', ' 미래에셋벤처투자', ' 카카오벤처스', ' 신용보증기금']",스윗테크놀로지스,217
"['스마일게이트인베스트먼트', ' 에이벤처스', ' 아이비엑스파트너스', ' 하나은행', ' 인사이트에퀴티파트너스', ' 티비티', ' 케이비인베스트먼트', ' 스마일게이트인베스트먼트', ' 신한벤처투자', ' 하나벤처스', ' 슈미트', ' 하나벤처스']",인티그레이션,184
"['한국산업은행', ' 하나금융지주', ' 아이비케이투자증권', ' 신한자산운용', ' 유안타인베스트먼트', ' 카카오인베스트먼트', ' 케이브이일호투자', ' 케이스톤파트너스', ' 지에스칼텍스', ' 카카오게임즈홀딩스', ' 아이디지벤처스코리아어드바이저스', ' 본엔젤스벤처파트너스', ' 동문파트너즈', ' 아이디지벤처스코리아어드바이저스', ' 본엔젤스벤처파트너스']",카닥,147
"['비공개', ' 삼성벤처투자', ' 비공개', ' 신세계아이앤씨', ' 비공개', ' 우미건설', ' 비공개', ' 케이디비캐피탈', ' 에스엘인베스트먼트', ' 신한캐피탈', ' 씨케이디창업투자', ' 캡스톤파트너스', ' 마젤란기술투자', ' 캡스톤파트너스', ' 팁스', ' 머스크엔젤클랩', ' 스파크랩']",어반베이스,147
"['에이티넘인베스트먼트', ' 디에스씨인베스트먼트', ' 프리미어파트너스', ' 스마일게이트인베스트먼트', ' 디에스자산운용', ' 쿨리지코너인베스트먼트', ' 대교인베스트먼트', ' 디에스씨인베스트먼트', ' 쿨리지코너인베스트먼트', ' 스마일게이트인베스트먼트', ' 지앤텍벤처투자', ' 프리미어파트너스', ' 디에스자산운용', ' 디쓰리쥬빌리파트너스', ' 스프링캠프', ' 신한대체투자운용', ' 비공개', ' 대교인베스트먼트', ' 디에스씨인베스트먼트', ' 쿨리지코너인베스트먼트', ' 행복나눔재단', ' 한국벤처투자', ' 디쓰리쥬빌리파트너스', ' 고벤처엔젤클럽', ' 와이에스케이파트너스']",로앤컴퍼니,201
"['한국산업은행', ' 에스케이지오센트릭', ' 휴맥스', ' 티비티파트너스', ' 화인자산운용', ' 인터베스트', ' 티비티파트너스', ' 비공개투자자', ' 미래과학기술지주']",수퍼빈,23
"['엔에이치벤처투자', ' 인라이트벤처스', ' 대성창업투자', ' 세종벤처파트너스', ' 대덕벤처파트너스', ' 롯데벤처스', ' 옐로우독', ' 롯데벤처스', ' 블루포인트파트너스', ' 프라이머']",프레시코드,195
"['컴퍼니케이파트너스', ' 스마일게이트인베스트먼트', ' 에이에프인베스트먼트', ' 매쉬업엔젤스', ' 제다이벤처스', ' 콘쩌우벤처스', ' 에이에프인베스트먼트', ' 비공개투자자', ' 슈미트', ' 매쉬업엔젤스', ' 팁스']",블리몽키즈,196
"['신동엽', ' 네이버', ' 지에스리테일', ' 에스비에스', ' 지에스리테일', ' 지에스리테일']",어바웃펫,20
"['해시드', ' 케이비인베스트먼트', ' 더시드그룹', ' 비공개', ' 에스비아이인베스트먼트', ' 옐로모바일', ' 비공개투자자', ' 비공개투자자', ' 디에스씨인베스트먼트', ' 디에스자산운용']",고위드,53
"['스톤브릿지벤처스', ' 한국산업은행', ' 디에스씨인베스트먼트', ' 유안타인베스트먼트', ' 스마일게이트인베스트먼트', ' 네이버', ' 아주아이비투자', ' 디티앤인베스트먼트', ' 대교인베스트먼트', ' 에스비에스네오파트너스', ' 나우아이비캐피탈', ' 한국투자증권', ' 지앤텍벤처투자', ' 네이버', ' 아주아이비투자', ' 스마일게이트인베스트먼트', ' 디에스씨인베스트먼트', ' 디티앤인베스트먼트', ' 스톤브릿지벤처스', ' 베이스인베스트먼트', ' 대교인베스트먼트', ' 디에스씨인베스트먼트']",딜리셔스,211
"['한국산업은행', ' 삼성증권', ' 에스비아이인베스트먼트', ' 디에스씨인베스트먼트', ' 슈미트', ' 인비저닝파트너스', ' 한화투자증권', ' 오릭스', ' 현대자동차', ' 지에스글로벌', ' 에스케이렌터카', ' 신한캐피탈', ' 디에스씨인베스트먼트', ' 슈미트', ' 젠티움파트너스', ' 삼성벤처투자', ' 디에스씨인베스트먼트', ' 팁스', ' 에트리홀딩스', ' 슈미트', ' 네이버', ' D2SF']",에바,256
"['스틱인베스트먼트', ' 비공개', ' 키움증권', ' 스틱인베스트먼트', ' 한국산업은행', ' 엘비인베스트먼트', ' 위지윅스튜디오', ' 한국성장금융투자운용', ' 한화자산운용', ' 아이비케이기업은행', ' 한국성장금융투자운용', ' 엘비인베스트먼트', ' 프리미어파트너스', ' 마이다스동아인베스트먼트', ' 비공개', ' 하나금융지주', ' 마그나인베스트먼트', ' 케이디비인프라자산운용', ' 인에이블코리아']",뮤직카우,104
"['스트롱벤처스', ' 프라이머', ' 블록크래프터스', ' 프라이머']",피클플러스,196
"['한국투자파트너스', ' 베이스인베스트먼트', ' 퓨처플레이', ' 마크앤컴퍼니', ' 베이스인베스트먼트', ' 패스트벤처스', ' 퓨처플레이', ' 마크앤컴퍼니', ' 윤민창의투자재단', ' 비공개투자자', ' 한국타이어앤테크놀로지']",타운즈,182
"['유티씨인베스트먼트', ' 아이비케이기업은행', ' 케이비증권', ' 이에스인베스터', ' 티인베스트먼트', ' 프라이머', ' 스트롱벤처스', ' 애드벤처', ' 비공개', ' 프라이머', ' 디캠프', ' 사제파트너스', ' 비공개', ' 프라이머']",워시스왓,318
"['사람인에이치알', ' 위벤처스', ' 스트롱벤처스', ' 프라이머', ' 스트롱벤처스']",라라잡,136
"['비공개', ' 오픈에이아이', ' 코슬라벤처스', ' 저스틴마틴', ' 와이컴비네이터', ' 오픈에이아이', ' 와이컴비네이터', ' 파운더스펀드', ' 코슬라벤처스', ' 저스틴', ' 마틴', ' 샘', ' CEO)', ' 라치', ' 그룸']",스픽이지랩스코리아,320
"['케이비인베스트먼트', ' 메디치인베스트먼트', ' 프라이머사제파트너스', ' 프라이머사제파트너스', ' 인포뱅크', ' 소풍벤처스']",스텝페이,50
"['코리아오메가투자금융', ' 신한캐피탈', ' 쿨리지코너인베스트먼트', ' 위벤처스', ' 비디씨랩스', ' 플래티넘기술투자', ' 팁스', ' 플래티넘기술투자']",콜리,31
"['지에스리테일', ' 지에스칼텍스', ' 지에스에너지', ' 엘지', ' 티피지캐피털', ' 칼라일그룹', ' 구글', ' 칼라일그룹', ' 티피지캐피털']",카카오모빌리티,9
"['뮤어우즈벤처스', ' 아이엠엠인베스트먼트', ' 하나금융지주', ' 디티앤인베스트먼트', ' 삼호그린인베스트먼트', ' 키움증권', ' 이베스트투자증권', ' 한국투자파트너스', ' 한국산업은행', ' 에이치비인베스트먼트', ' 쿨리지코너인베스트먼트', ' 디에스씨인베스트먼트', ' 하나은행', ' 비에이파트너스', ' 에스더블유인베스트먼트', ' 디에스씨인베스트먼트', ' 비에이파트너스', ' 팁스', ' 인포뱅크', ' 네이버', ' D2SF', ' 빅뱅엔젤스', ' 컴퍼니비']",크라우드웍스,194
"['디에스씨인베스트먼트', ' 카카오벤처스', ' 스파크랩', ' 디캠프']",문리버,120
"['케이비인베스트먼트', ' 알토스벤처스', ' 비공개투자자', ' 리벤처스', ' 케이비인베스트먼트', ' 알토스벤처스', ' 카카오벤처스', ' 알토스벤처스', ' 퀄컴벤처스', ' 카카오벤처스']",와탭랩스,233
"['알토스벤처스', ' 퀄컴벤처스', ' 본엔젤스벤처파트너스', ' 팁스', ' 알토스벤처스', ' 본엔젤스벤처파트너스', ' 더벤처스']",브레인커머스,271
"['지에스리테일', ' 엔에이치투자증권', ' 아주아이비투자', ' 엘비인베스트먼트', ' 미래에셋벤처투자', ' 씨제이인베스트먼트', ' 프리미어파트너스', ' 티에스인베스트먼트', ' 케이티인베스트먼트', ' 시그나이트파트너스', ' 토니인베스트먼트', ' 캡스톤파트너스', ' 케이넷투자파트너스', ' 에스제이투자파트너스', ' 빅베이슨캐피탈', ' 에스제이투자파트너스', ' 빅베이슨캐피탈', ' 빅베이슨캐피탈', ' 씨엔티테크']",쿠캣,158
"['지니뮤직', ' 에이치비인베스트먼트', ' 케이비인베스트먼트', ' 나이스투자파트너스', ' 엘앤에스벤처캐피털', ' 코오롱인베스트먼트', ' 한국투자파트너스', ' 스틱인베스트먼트', ' 에이치비인베스트먼트', ' 케이비인베스트먼트', ' 나이스투자파트너스', ' 엘앤에스벤처캐피털', ' 코오롱인베스트먼트', ' 비공개투자자', ' 에이치비인베스트먼트', ' 에이치비인베스트먼트', ' 웅진씽크빅', ' 미래엔']",밀리의서재,118
"['한국산업은행', ' 알토스벤처스', ' 디에스자산운용', ' 다올인베스트먼트', ' 카카오벤처스', ' 롯데벤처스', ' 하나벤처스', ' 캐피탈원', ' 알토스벤처스', ' 다올인베스트먼트', ' 캐피탈원', ' 마그나인베스트먼트', ' 디쓰리쥬빌리파트너스', ' 카카오벤처스', ' 옐로우독', ' 카카오벤처스']",생활연구소,252
"['매치그룹', ' 알토스벤처스', ' 소프트뱅크벤처스', ' 알토스벤처스']",하이퍼커넥트,121
"['유안타인베스트먼트', ' 브이아이지파트너스', ' 하나벤처스', ' 에스케이디앤디', ' 신한벤처투자', ' 한국산업은행', ' 비공개', ' 한국산업은행', ' 비공개', ' 에스케이디앤디', ' 신한벤처투자', ' 네이버', ' 미래에셋캐피탈', ' 미래에셋벤처투자']",파스토,141
"['팁스', ' 소풍벤처스', ' 엠와이소셜컴퍼니', ' 현대차증권', ' 현대자동차']",식스티헤르츠,18
"['한화자산운용', ' 와디즈파트너스', ' 와디즈파트너스', ' 김종현(연세대학교', ' 공학연구원)', ' 천정훈', ' 비공개투자자', ' 더터닝포인트']",두물머리,8
"['프리미어파트너스', ' 타이거글로벌매니지먼트', ' 신한투자증권', ' 스마일게이트인베스트먼트', ' 삼성벤처투자', ' 드레이퍼아테나', ' 미래에셋벤처투자', ' 스마일게이트인베스트먼트', ' 삼성벤처투자', ' 다올인베스트먼트', ' 디에스씨인베스트먼트']",몰로코,194
"['녹십자', ' 케어랩스', ' 유티씨인베스트먼트', ' 카카오', ' 한국투자파트너스', ' 녹십자', ' 케이비증권', ' 나우아이비캐피탈', ' 케어랩스', ' 나우아이비캐피탈', ' 케이비증권', ' 한국투자파트너스', ' 피앤아이인베스트먼트', ' 지씨케어', ' 비공개투자자', ' 케어랩스', ' 비공개', ' 유니밸류어소시에이트', ' 에이아이엔젤클럽', ' 비공개', ' 마젤란기술투자', ' 매쉬업엔젤스']",휴먼스케이프,129
"['노앤파트너스', ' 한국산업은행', ' 아르테시안벤처파트너스', ' 액세스벤처스', ' 케이비인베스트먼트', ' 퓨처플레이', ' 삼성증권', ' 한국산업은행', ' 케이디비캐피탈', ' 케이비인베스트먼트', ' 퓨처플레이', ' 액세스벤처스', ' 아르테시안벤처파트너스', ' 케이디비캐피탈', ' 케이비인베스트먼트', ' 제로스에이아이', ' 팁스', ' 퓨처플레이']",서울로보틱스,304
"['삼성벤처투자', ' 마젤란기술투자', ' 케이비인베스트먼트', ' 아이비케이기업은행', ' 디티앤인베스트먼트', ' 보광창업투자', ' 이앤벤처파트너스', ' 티인베스트먼트', ' 케어랩스']",굿닥,71
"['신한금융그룹', ' 에스비파트너스', ' 오픈워터인베스트먼트', ' 와디즈파트너스', ' 팁스', ' 선보엔젤파트너스', ' 롯데벤처스', ' 벤처스퀘어', ' 제이비인베스트먼트', ' 매쉬업엔젤스']",콜라비팀,121
"['대성창업투자', ' 쿨리지코너인베스트먼트', ' 에트리홀딩스', ' 포스코기술투자', ' 쿨리지코너인베스트먼트']",텐핑거스,19
"['인바디', ' 에이치비인베스트먼트', ' 케이비인베스트먼트', ' 에이치비인베스트먼트', ' 포스코기술투자', ' 케이투인베스트먼트파트너스', ' 하나벤처스', ' 케이비인베스트먼트', ' 에이치비인베스트먼트', ' 액세스벤처스', ' 하나벤처스', ' 패스트인베스트먼트', ' 액세스벤처스']",커먼컴퓨터,103
"['스톤브릿지벤처스', ' 티비티파트너스', ' 아이비엑스파트너스', ' 파트너스인베스트먼트', ' 엘앤에스벤처캐피탈', ' 디쓰리쥬빌리파트너스', ' 래피드벤처스', ' 비공개', ' 레오파트너스인베스트먼트', ' 디쓰리쥬빌리파트너스', ' 스톤브릿지벤처스', ' 한화투자증권', ' 코인원', ' 엘앤에스벤처캐피털', ' 부산지역대학연합기술지주', ' 선보엔젤파트너스', ' 스톤브릿지캐피탈', ' 스파크랩', ' 매쉬업엔젤스']",센트비,165
"['앵커에쿼티파트너스', ' 한국산업은행', ' 나우아이비캐피탈', ' 아이비케이기업은행', ' 아주아이비투자', ' 에스비아이인베스트먼트', ' 유니온투자파트너스', ' 소프트뱅크벤처스', ' 한국투자증권', ' 엔에이치투자증권', ' 농협은행', ' 지에스홈쇼핑', ' 하나금융지주', ' 유니온투자파트너스', ' 유니온투자파트너스', ' 씨제이인베스트먼트', ' 에스엘인베스트먼트', ' 나우아이비캐피탈', ' 에이지인베스트먼트', ' 신한투자증권', ' 패스파인더에이치', ' 나우아이비캐피탈', ' 씨앤에이치캐피탈']",프레시지,104
"['에스지씨파트너스', ' 한화투자증권', ' 신한자산운용', ' 에이치지이니셔티브', ' 제이비인베스트먼트', ' 아이비케이기업은행', ' 씨케이디창업투자', ' 프라핏자산운용', ' 엘비인베스트먼트', ' 비공개', ' 코오롱인베스트먼트', ' 나우아이비캐피탈', ' 송현인베스트먼트', ' 스파크랩']",긴트,117
"['딜라이트룸', ' 팁스', ' 본엔젤스벤처파트너스', ' 스프링캠프']",마인딩,101
"['티에스인베스트먼트', ' 하나은행', ' 쿨리지코너인베스트먼트', ' 에스제이투자파트너스', ' 나이스투자파트너스']",글로우서울,5
"['파빌리온캐피탈', ' 카카오벤처스', ' 티비티파트너스', ' 비공개투자자', ' 에이티넘인베스트먼트', ' 케이비인베스트먼트', ' 아이엠엠인베스트먼트', ' 클로버추얼패션', ' 케이비인베스트먼트', ' 두나무앤파트너스', ' 팁스', ' 카카오벤처스', ' 스파크랩']",스와치온,234
"['우리기술투자', ' 서울투자파트너스', ' 리딩투자증권', ' 스틱벤처스', ' 포스코기술투자', ' 오픈워터인베스트먼트', ' 인벡스자산운용', ' 한양증권', ' 동훈인베스트먼트', ' 이앤벤처파트너스', ' 코나인베스트먼트', ' 다담인베스트먼트', ' 메이크인', ' 하나금융지주', ' 비공개', ' 에버그린투자파트너스', ' 서울산업진흥원', ' 연세대학교']",오픈놀,46
"['신용보증기금', ' 에스지씨파트너스', ' 아주아이비투자', ' 롯데벤처스', ' 롯데벤처스', ' 스파크랩', ' 씨제이제일제당', ' 임팩트스퀘어']",잇그린,156
"['엘비인베스트먼트', ' 컴퍼니케이파트너스', ' 한국산업은행', ' 엘비인베스트먼트', ' 씨제이인베스트먼트', ' 컴퍼니케이파트너스', ' 에스비아이인베스트먼트', ' 에스비아이인베스트먼트', ' 이에스인베스터', ' 패스파인더에이치', ' 더웰스인베스트먼트']",메디쿼터스,67
"['비즈니스온', ' 팁스', ' 월든인터내셔널', ' 빅베이슨캐피탈', ' 매쉬업엔젤스']",시프티,73
"['대교인베스트먼트', ' 아이비케이캐피탈', ' 아이엠엠인베스트먼트', ' 메이플투자파트너스', ' 마그나인베스트먼트', ' 나이스투자파트너스', ' 한국투자파트너스', ' 신한벤처투자', ' 우리은행', ' 유안타인베스트먼트', ' 아이엠엠인베스트먼트', ' 아이비케이캐피탈', ' 메이플투자파트너스', ' 마그나인베스트먼트', ' 대교인베스트먼트', ' 나이스투자파트너스', ' 컴퍼니비']",패스트레인,150
"['에이치비인베스트먼트', ' 티에스인베스트먼트', ' 이에스인베스터', ' 신한자산운용', ' 시몬느자산운용', ' 서주벤처스', ' 대성창업투자', ' 케이비인베스트먼트', ' 에이치비인베스트먼트', ' 서울투자파트너스', ' 제이비인베스트먼트', ' 유비쿼스인베스트먼트', ' 이에스인베스터', ' 서울투자파트너스', ' 제이비인베스트먼트', ' 더웰스인베스트먼트']",엠지알브이,40
"['비공개', ' 디지털헬스케어파트너스', ' 아이엠엠인베스트먼트', ' 스톤브릿지벤처스', ' 신한은행', ' 에이치지이니셔티브', ' 삼성벤처투자', ' 씨제이인베스트먼트', ' 네이버', ' D2SF', ' 삼성벤처투자', ' 씨제이인베스트먼트']",휴레이포지티브,190
"['한국투자파트너스', ' 스톤브릿지벤처스']",혜움랩스,40
"['신한벤처투자', ' 한국투자파트너스', ' 엘비인베스트먼트', ' 케이티인베스트먼트', ' 퀀텀벤처스코리아', ' 우아한형제들', ' 한국투자파트너스', ' 우아한형제들', ' 비에이파트너스', ' 팁스', ' 스프링캠프', ' 네이버', ' D2SF', ' 네이버']",아드리엘,204
"['하이투자파트너스', ' 대성창업투자', ' 한국투자파트너스', ' 스틱벤처스', ' 씨제이인베스트먼트', ' 팁스', ' 한국투자파트너스', ' 매쉬업엔젤스']",작당모의,138
"['미래에셋벤처투자', ' 에이티넘파트너스', ' 대교인베스트먼트', ' 시그나이트파트너스', ' 미래에셋벤처투자', ' 스마일게이트인베스트먼트', ' 아주아이비투자', ' 대교인베스트먼트', ' 스마트스터디벤처스', ' 캡스톤파트너스']",씨엠아이파트너스,100
"['뮤렉스파트너스', ' 롯데벤처스', ' 스마트스터디벤처스', ' 뮤렉스파트너스', ' 에스엘인베스트먼트', ' 쿨리지코너인베스트먼트', ' 롯데쇼핑', ' 롯데벤처스', ' 에스엘인베스트먼트', ' 한국벤처투자', ' 뮤렉스파트너스', ' 블루포인트파트너스', ' 네이버', ' 서울산업진흥원']",어반플레이,199
"['한국투자파트너스', ' 우리은행', ' 디티앤인베스트먼트', ' 비엠벤처스', ' 한국투자파트너스', ' 한국성장금융투자운용', ' 포스코기술투자', ' 지에스홈쇼핑']",구하다,70
"['래디컬벤처스', ' 인덱스벤처스', ' 스프링벤처스', ' 해외개인엔젤투자자', ' 인덱스벤처스', ' 엑스파', ' 래디컬벤처스', ' 테크스타', ' 테크스타']",트웰브랩스,245
"['티인베스트먼트', ' 하랑기술투자', ' 대성창업투자', ' 아이디벤처스', ' 키움인베스트먼트', ' 티인베스트먼트', ' 팁스', ' 매쉬업엔젤스']",라이언로켓,90
"['빅베이슨캐피탈', ' 퓨처플레이', ' 이랜드리테일', ' 더인벤션랩', ' 팁스', ' 네오플라이', ' 퓨처플레이', ' 네오플라이']",메이아이,182
"['롯데벤처스', ' 하나은행', ' 디쓰리쥬빌리파트너스', ' 캡스톤파트너스', ' 타임폴리오자산운용', ' 유티씨인베스트먼트', ' 퓨처플레이', ' 디쓰리쥬빌리파트너스', ' 이지스자산운용']",로컬스티치,101
"['해시드', ' 케이비인베스트먼트', ' 크릿벤처스', ' 캡스톤파트너스', ' 서울투자파트너스', ' 카카오벤처스', ' 다올인베스트먼트', ' 케이비인베스트먼트', ' 신한벤처투자', ' 카카오벤처스', ' 해시드', ' 위벤처스', ' 신한벤처투자', ' 디에스씨인베스트먼트', ' 카카오벤처스', ' 베이스인베스트먼트', ' 케이비인베스트먼트', ' 디에스씨인베스트먼트', ' 카카오벤처스', ' 베이스인베스트먼트', ' 슈미트', ' 팁스']",업라이즈,357
"['끌림벤처스', ' 팁스', ' 끌림벤처스']",포티파이,70
"['세쿼이아캐피탈', ' 삼성벤처투자', ' 알알이벤처스', ' 실버레이크파트너스', ' 테마섹홀딩스', ' 노보홀딩스', ' 오크에이치씨에프티', ' 세쿼이아캐피탈', ' 삼성벤처투자', ' 아글레벤처스', ' 솜포홀딩스', ' 케이비인베스트먼트', ' 삼성벤처투자', ' 트랜스링크캐피털', ' 알알이벤처스', ' 엘비인베스트먼트', ' 인터베스트', ' 퀄컴벤처스', ' 한미아이티', ' 트랜스링크캐피털', ' 알알이벤처스', ' 뉴욕디지털헬스엑셀러레이터', ' 퀄컴벤처스', ' 리크루트홀딩스', ' 트랜스링크캐피털', ' 알알이벤처스', ' 스크럼벤처스', ' 하버퍼시픽캐피탈', ' 미국국립보건원', ' 매쉬업엔젤스', ' 퀄컴벤처스', ' 엠팔캐피탈', ' 하버퍼시픽캐피탈', ' 퀄컴벤처스', ' 인터베스트']",눔코리아,302
"['신한벤처투자', ' 씨케이디창업투자', ' 현대기술투자', ' 케이티인베스트먼트', ' 인라이트벤처스', ' 아이비케이캐피탈', ' 케이티인베스트먼트', ' 나이스투자파트너스', ' 인라이트벤처스', ' 씨엔티테크']",스탁키퍼,116
"['대신증권', ' 피지에스파트너스', ' 위메이드', ' 아르케인베스트먼트', ' 신아주', ' 유안타인베스트먼트', ' 유안타아시아인베스트먼트', ' 한국산업은행', ' 노던라이트벤처캐피털', ' 코나아이파트너스', ' 국보디자인', ' 신한투자증권', ' 하나은행', ' 우미건설', ' 에이에프인베스트먼트', ' 케이클라비스', ' 본엔젤스벤처파트너스', ' 카카오벤처스', ' 퓨처플레이', ' 매쉬업엔젤스', ' 카카오인베스트먼트']",카사코리아,241
"['디에스씨인베스트먼트', ' 유티씨인베스트먼트', ' 아이비케이기업은행', ' 디에스씨인베스트먼트', ' 한국산업은행', ' 한국과학기술지주', ' 더벤처스', ' 연세대학교기술지주', ' 팁스', ' 더벤처스']",쉐어잇,203
"['비공개투자자', ' 한국항공우주산업', ' 스틱벤처스', ' 에이벤처스', ' 타이탄벤처스', ' 서울산업진흥원', ' 서울산업진흥원', ' 타이탄벤처스', ' 팁스', ' 킹슬리벤처스']",메이사,90
"['중소벤처기업진흥공단', ' 비에이파트너스', ' 필리안벤처투자', ' 유진증권', ' 팁스', ' 경동인베스트', ' 씨엔티테크', ' 스타트업리서치', ' 아이비케이기업은행', ' 벤처스퀘어', ' 윤민창의투자재단', ' 김기사랩']",위밋모빌리티,123
"['한국산업은행', ' 넥스트지인베스트먼트', ' 케이씨벤처스', ' 하나금융지주', ' 이수창업투자', ' 한국산업은행', ' 넥스트지인베스트먼트', ' 알토스벤처스', ' 이에스인베스터', ' 알토스벤처스', ' 비공개투자자']",메이크스타,117
"['한국산업은행', ' 한국투자파트너스', ' 에이티넘인베스트먼트', ' 티에스인베스트먼트', ' 아든파트너스', ' 카카오인베스트먼트', ' 쿼드벤처스', ' 에스비아이인베스트먼트', ' 에이티넘인베스트먼트', ' 케이비인베스트먼트', ' 아이엠엠인베스트먼트', ' 프리미어파트너스', ' 신한은행', ' 하나벤처스', ' 에이티넘인베스트먼트', ' 타임폴리오자산운용', ' 퀀텀에쿼티파트너스코리아', ' 티에스인베스트먼트', ' 아이디벤처스', ' 프리미어파트너스', ' 티그리스인베스트먼트']",패스트파이브,167
['네이버'],위버스컴퍼니,15
"['엔비에이치캐피탈', ' 엠와이소셜컴퍼니', ' 팁스', ' 현대자동차', ' 현대차증권', ' 한국벤처투자', ' 제이비벤처스', ' 아이알비즈넷컨설팅', ' 제우스특허법률사무소', ' 제이비벤처스', ' 더인벤션랩', ' 한국산업기술대학교기술지주회사', ' 킹고스프링']",네이앤컴퍼니,67
"['제이비인베스트먼트', ' 이베스트투자증권', ' 한국투자증권', ' 오픈워터인베스트먼트', ' 우신벤처투자', ' 라이프자산운용', ' 케이비인베스트먼트', ' 신한벤처투자']",이노그리드,51
"['큐캐피탈파트너스', ' 한국투자증권', ' 케이비증권', ' 비전자산운용', ' 푸른파트너스자산운용', ' 카카오키즈', ' 에이티넘인베스트먼트', ' 케이비인베스트먼트', ' 신한벤처투자', ' 카카오인베스트먼트', ' 스틱인베스트먼트', ' 텐센트']",야나두,69
"['뮤렉스파트너스', ' 다올인베스트먼트', ' 아이피벤처스', ' 우리은행', ' 케이티', ' 스틱인베스트먼트', ' 다올프라이빗에쿼티', ' 한국산업은행', ' 지에스리테일', ' 더웰스인베스트먼트', ' 아이엠엠인베스트먼트', ' 다올투자증권', ' 디에스씨인베스트먼트', ' 엔에이치농협캐피탈', ' 스틱벤처스', ' 신한캐피탈', ' 케이티인베스트먼트', ' 카카오인베스트먼트', ' 하랑기술투자', ' 나우아이비캐피탈', ' 엔에이치농협캐피탈', ' 티에스인베스트먼트', ' 케이투인베스트먼트파트너스', ' 아이파트너스자산운용', ' 스틱벤처스', ' 코오롱인베스트먼트', ' 스틱벤처스', ' 뮤렉스파트너스', ' 아이파트너스자산운용']",팀프레시,132
"['엠비케이파트너스', ' 아이엠엠프라이빗에쿼티', ' 케이티', ' 세일즈포스벤처스', ' 한국산업은행', ' 나우아이비캐피탈', ' 케이비인베스트먼트', ' 삼성증권', ' 농협은행', ' 케이비증권', ' 비엔케이투자증권', ' 제이케이엘파트너스', ' 스톤브릿지캐피탈', ' 한국투자파트너스', ' 카카오인베스트먼트', ' 케이티인베스트먼트', ' 씨제이인베스트먼트', ' 현대기술투자', ' 에이티피인베스트먼트', ' 마이다스프라이빗에쿼티', ' 한국산업은행', ' 케이비인베스트먼트', ' 나우아이비캐피탈', ' 한국투자금융지주']",메가존클라우드,152
"['한국산업은행', ' 하나은행', ' 아이비케이기업은행', ' 에스비아이인베스트먼트', ' 에스비아이인베스트먼트', ' 씨케이디창업투자', ' 신용보증기금', ' 임팩트파트너스', ' 씨엔티테크', ' 팁스']",푸드팡,165
"['스틱인베스트먼트', ' 한국벤처투자', ' 소프트뱅크벤처스', ' 유니온투자파트너스', ' 소프트뱅크벤처스', ' 와이제이캐피탈', ' 소프트뱅크벤처스', ' 본엔젤스벤처파트너스']",알스퀘어,198
"['하이투자파트너스', ' 한국산업은행', ' 신한캐피탈', ' 신한대체투자운용', ' 대덕벤처파트너스', ' 케이티에스테이트', ' 비공개', ' 신한캐피탈', ' 대덕벤처파트너스', ' 서울산업진흥원', ' 사제파트너스']",알리콘,57
"['비엔케이투자증권', ' 하나벤처스', ' 비공개투자자', ' 장덕수', ' 전자신문사', ' 쿠콘', ' 비즈플레이', ' 인에이지']",마드라스체크,22
"['중소벤처기업진흥공단', ' 민트벤처파트너스', ' 케이비인베스트먼트', ' 케이비인베스트먼트', ' 트랜스링크인베스트먼트']",넥스트온,53
"['스테드패스트파이낸셜', ' 타이거글로벌매니지먼트', ' 소프트뱅크인베스트먼트어드바이저', ' 아이코닉캐피탈', ' 월드이노베이션랩', ' 메리테크캐피탈파트너스', ' 이머전스캐피탈', ' 타이거글로벌매니지먼트', ' 아이코닉캐피탈', ' 샤스타벤처스', ' 어거스트캐피탈', ' 와이컴비네이터', ' 샤스타벤처스', ' 와이컴비네이터', ' 어거스트캐피탈', ' 저스틴칸', ' 펀더스클럽', ' 케빈마하페이', ' 저스틴칸', ' 샌디코리', ' 니콜라스데스티에네', ' 와이컴비네이터', ' 펀더스클럽', ' 질리어나이즈엔젤', ' 케빈마하페이', ' 엔엑스엠에이치', ' 캡스톤파트너스', ' 테크스타', ' 알바트로스인베스트먼트', ' 캡스톤파트너스', ' 패스트트랙아시아']",센드버드코리아,648
"['비공개', ' 카카오벤처스', ' 프리미어파트너스', ' 파트너스인베스트먼트', ' 대성창업투자', ' 카카오벤처스', ' 두나무앤파트너스', ' 베이스인베스트먼트']",아이네블루메,85
"['비공개투자자', ' 케이디비캐피탈', ' 한국투자파트너스', ' 한국투자파트너스', ' 신한벤처투자']",홈스토리생활,72
"['퍼스트게이트', ' 중고나라', ' 프라이머', ' 롯데벤처스', ' 스트롱벤처스', ' 롯데벤처스', ' 프라이머', ' 스트롱벤처스', ' 프라이머']",코너마켓,332
"['엘지유플러스', ' 한국산업은행', ' 인터베스트', ' 에스디비인베스트먼트', ' 캡스톤파트너스', ' 엔피엑스캐피탈', ' 엘지유플러스', ' 노던프라이빗캐피털', ' 다원자산운용', ' 중소벤처기업진흥공단', ' 포스코기술투자', ' 중소벤처기업진흥공단', ' 알펜루트자산운용', ' 코어자산운용', ' 엔피엑스프라이빗에쿼티', ' 다원자산운용', ' 포스코기술투자', ' 코어자산운용']",호두랩스,79
"['엘비인베스트먼트', ' 케이비증권', ' 에스제이투자파트너스']",케이타운포유,17
"['비공개', ' 하나금융지주', ' 비공개', ' 비공개투자자', ' 히스토리벤처투자', ' 신용보증기금']",와이어드컴퍼니,65
"['한국산업은행', ' 에스케이증권', ' 마그나인베스트먼트', ' 마그나인베스트먼트', ' 에이벤처스', ' 제이더블유에셋', ' 더웰스인베스트먼트', ' 유안타인베스트먼트', ' 한국투자증권', ' 카카오인베스트먼트', ' 한국산업은행', ' 유안타인베스트먼트', ' 마그나인베스트먼트', ' 엔베스터', ' 신한캐피탈', ' 디쓰리쥬빌리파트너스', ' 대교인베스트먼트', ' 더웰스인베스트먼트', ' 제이더블유에셋', ' 에이벤처스', ' 한국산업은행', ' 더웰스인베스트먼트', ' 제이더블유에셋', ' 디지털헬스케어파트너스', ' 마크로젠']",쓰리빌리언,213
"['제이씨지아이', ' 파라마운트글로벌', ' 네이버']",티빙,17
"['에프앤에프파트너스', ' 케이비인베스트먼트', ' 포스코기술투자', ' 유비쿼스인베스트먼트', ' 한라홀딩스', ' 디에스자산운용', ' 아이비케이기업은행', ' 엠디아이벤처스', ' 트라움자산운용', ' 아이비케이기업은행', ' 유비쿼스인베스트먼트', ' 케이비인베스트먼트', ' 에프앤에프파트너스', ' 플랫폼파트너스자산운용', ' 케이비인베스트먼트', ' 팁스', ' 벤처스퀘어', ' 더인벤션랩', ' 신용보증기금']",고미코퍼레이션,259
"['캡스톤파트너스', ' 퓨처플레이']",한달어스,80
"['에이티넘인베스트먼트', ' 프리미어파트너스', ' 브리즈인베스트먼트', ' 우미글로벌', ' 에이티넘인베스트먼트', ' 보광창업투자', ' 에스제이투자파트너스', ' 디티앤인베스트먼트', ' 포스코기술투자', ' 한국벤처컨설팅']",집꾸미기,52
['미래에셋벤처투자'],네이버파이낸셜,20
"['디쓰리쥬빌리파트너스', ' 아이비케이캐피탈', ' 케이디비인프라자산운용', ' 네이버', ' 엘비인베스트먼트', ' 비공개투자자']",오픈갤러리,34
"['아모레퍼시픽', ' 비공개투자자', ' 팁스', ' 퓨처플레이', ' 아모레퍼시픽', ' 벤처스퀘어', ' 비공개투자자']",톤28,104
"['존슨앤드존슨이노베이션', ' 알토스벤처스', ' 포메이션8', ' 카우보이벤처스', ' 펀더스클럽', ' 피어벤처스', ' 굿워터캐피털', ' 무스파트너스', ' 코타캐피탈', ' 자넷걸위치', ' 포메이션8', ' 굿워터캐피털', ' 알토스벤처스', ' 에이브이에이씨', ' 포메이션8', ' 와이컴비네이터', ' 시그니처캐피탈', ' 텍톤벤처스', ' 페녹스벤처캐피탈', ' 카우보이벤처스', ' 윙클보스캐피탈', ' 아메클라우드벤처스', ' 펀더스클럽', ' 피어벤처스', ' 에이치케이비캐피탈', ' 굿워터캐피털', ' 아마시아', ' Noosheen', ' Hashemi', ' Koh', ' Boon', ' Hwee', ' 바비', ' 야즈다니', ' 알토스벤처스', ' 포메이션8', ' 와이컴비네이터', ' 텍톤벤처스', ' 페녹스벤처캐피탈', ' 카우보이벤처스', ' 윙클보스캐피탈', ' 펀더스클럽', ' 피어벤처스', ' 굿워터캐피털', ' 폴프레슬러', ' 제리양', ' 와이컴비네이터', ' 박현준', ' 소성현', ' 진상욱', ' 스파크랩글로벌벤처스', ' 체스터로', ' 김상범', ' 스파크랩글로벌벤처스', ' 스파크랩']",미미박스,760
"['쿨리지코너인베스트먼트', ' 카이트창업가재단', ' 콜즈다이나믹스', ' 비공개개인투자자', ' 와이에스케이파트너스', ' 디캠프', ' 프라이머']",온오프믹스,105
"['어니스트벤처스', ' 엠와이소셜컴퍼니', ' 팁스', ' 어니스트벤처스', ' 코맥스벤처러스', ' 공명파트너스', ' 공명파트너스', ' 아이피오브릿지']",고수플러스,19
"['에스브이인베스트먼트', ' 우리은행', ' 키움증권', ' 유안타인베스트먼트', ' 한국산업은행', ' 타임웍스인베스트먼트', ' 엘앤에스벤처캐피털', ' 에스브이인베스트먼트', ' 코오롱인베스트먼트', ' 마이다스동아인베스트먼트', ' 유안타인베스트먼트', ' 씨제이인베스트먼트', ' 농심캐피탈', ' 우리은행', ' 키움증권', ' 스틱벤처스', ' 레오파트너스인베스트먼트', ' 스톤브릿지벤처스', ' 베이스인베스트먼트']",더파이러츠,103
"['한국투자파트너스', ' 코웨이', ' 제이커브인베스트먼트', ' 한국투자파트너스', ' 에스비에스', ' 지에스리테일', ' 와디즈파트너스', ' 김기사랩', ' 비에이파트너스', ' 한국벤처투자', ' 중소기업청', ' 와디즈파트너스', ' 창업진흥원', ' 창업진흥원']",21그램그룹,76
"['해시드', ' 동훈인베스트먼트', ' 넥스트지인베스트먼트', ' 해시드', ' 동훈인베스트먼트', ' 엔피프틴', ' 팁스', ' 엔텔스']",넥스트유니콘,17
"['미래에셋벤처투자', ' 엔에이치투자증권', ' 퀀텀벤처스코리아', ' 인라이트벤처스', ' 퀀텀벤처스코리아', ' 팁스', ' 한국투자파트너스', ' 빅베이슨캐피탈', ' 매쉬업엔젤스']",옴니어스,120
"['비공개투자자', ' 엔에이치엔']",구름,2
"['팁스', ' 엠와이소셜컴퍼니', ' 하이투자파트너스', ' 파인드어스', ' 펫프렌즈']",피터페터,16
"['케이티인베스트먼트', ' 프라이머사제파트너스', ' 케이비인베스트먼트', ' 팁스', ' 끌림벤처스', ' 소프트뱅크벤처스', ' 케이비인베스트먼트', ' 끌림벤처스']",타인에이아이,185
"['더인벤션랩', ' 아이피에스벤처스', ' 피엠에프인베스트먼트', ' 프라이머사제파트너스', ' 브이엔티지', ' 스파크랩']",페이워크,103
"['에스티리더스프라이빗에쿼티', ' 휴맥스', ' 스틱인베스트먼트', ' 휴맥스', ' 스틱인베스트먼트', ' 휴맥스', ' 에이지인베스트먼트']",휴맥스모빌리티,7
"['코리아에셋투자증권', ' 얼머스인베스트먼트', ' 비에스케이인베스트먼트', ' 신한벤처투자', ' 제이비자산운용', ' 스틱벤처스', ' 패스파인더에이치', ' 현대기술투자', ' 코리아에셋투자증권', ' 아이비케이기업은행', ' 현대기술투자', ' 케이비인베스트먼트', ' 패스파인더에이치', ' 얼머스인베스트먼트']",아우토크립트,71
"['디에스자산운용', ' 인피니툼파트너스', ' 이수창업투자', ' 비공개투자자', ' 보광창업투자', ' 인피니툼파트너스', ' 비전크리에이터', ' 하랑기술투자', ' 유티씨인베스트먼트', ' 보광창업투자', ' 뮤렉스파트너스', ' 이수창업투자', ' 케이브릿지인베스트먼트', ' 디에스씨인베스트먼트', ' 유티씨인베스트먼트', ' 쿨리지코너인베스트먼트', ' 보광창업투자', ' 이에스인베스터', ' 에스제이투자파트너스', ' 유티씨인베스트먼트', ' 디에스씨인베스트먼트', ' 쿨리지코너인베스트먼트']",모노리스,74
"['알토스벤처스', ' 스프링캠프', ' 팁스', ' 스프링캠프']",천명앤컴퍼니,110
"['유니온투자파트너스', ' 엘지유플러스', ' 카카오벤처스', ' 신한캐피탈', ' 팁스', ' 카카오벤처스', ' 신한캐피탈', ' 컴퍼니비']",키노라이츠,75
"['아이엠엠인베스트먼트', ' 포스코기술투자', ' 스마일게이트인베스트먼트', ' 한독', ' 스마일게이트인베스트먼트', ' 삼성벤처투자', ' 인라이트벤처스']",웰트,117
"['삼천리자전거', ' 현대자동차', ' 마그나인베스트먼트', ' 현대자동차', ' 코오롱인베스트먼트', ' 코오롱인베스트먼트', ' 엘앤에스벤처캐피털', ' 디에스씨인베스트먼트', ' 슈미트', ' 팁스']",올룰로,124
['벤처필드'],로그싱크,1
"['코스닥공모', ' 한국투자파트너스', ' 보광창업투자', ' 글로벌브레인', ' 스마일게이트인베스트먼트', ' 신한벤처투자', ' 알바트로스인베스트먼트', ' 카카오', ' 스마일게이트인베스트먼트', ' 씨제이인베스트먼트']",엔비티,125
"['블루포인트파트너스', ' 벤처스퀘어', ' 빅뱅엔젤스', ' 김진영(더인벤션랩', ' 대표이사)', ' 정지훈']",더브이씨,123
"['스탠더스', ' 포레스트파트너스', ' 리앤한']",닷슬래시대시,3
"['삼성벤처투자', ' 아이엠엠인베스트먼트', ' 한국산업은행', ' 씨제이인베스트먼트', ' 네이버', ' D2SF', ' 캡스톤파트너스', ' 카카오인베스트먼트', ' 네이버', ' D2SF', ' 팁스', ' 케이비인베스트먼트', ' 캡스톤파트너스']",엔닷라이트,236
"['현대자동차', ' 포스코기술투자', ' 위벤처스', ' 비공개투자자', ' 스틱벤처스', ' 롯데렌탈', ' 신한투자증권', ' 신한캐피탈', ' 다올인베스트먼트', ' 신한은행', ' 엘아이지넥스원', ' 에스케이텔레콤', ' 씨제이', ' 엘지전자', ' 엘지유플러스', ' 기아', ' 현대자동차', ' 현대자동차']",포티투닷,46
"['마그나인베스트먼트', ' 엔비에이치캐피탈', ' 에스제이투자파트너스', ' 팁스', ' 비공개투자자', ' 스파크랩']",액스,103
"['크릿벤처스', ' 보광창업투자', ' 비에이파트너스', ' 캡스톤파트너스', ' 카카오벤처스', ' 비에이파트너스', ' 웍스잇', ' 캡스톤파트너스', ' 컴퍼니케이파트너스', ' 카카오벤처스']",버핏서울,106
"['본엔젤스벤처파트너스', ' 빅베이슨캐피탈', ' 위벤처스', ' 티인베스트먼트', ' 케이비인베스트먼트', ' 에스엘인베스트먼트', ' 비하이인베스트먼트', ' 비엔케이투자증권', ' 키움투자자산운용', ' 본엔젤스벤처파트너스', ' 빅베이슨캐피탈', ' 팁스', ' 매쉬업엔젤스']",셀러노트,237
"['크립톤', ' 현대코퍼레이션홀딩스', ' 현대엠파트너스', ' 소풍벤처스']",이온어스,8
"['크로스로드파트너스', ' 아이엠엠인베스트먼트', ' 비공개', ' 신한투자증권', ' 크로스로드파트너스', ' 메이플투자파트너스', ' 서울투자파트너스', ' 아이디벤처스', ' 프랙시스캐피탈파트너스', ' 스톤브릿지벤처스', ' 스톤브릿지벤처스']",매드업,67
"['프라이머사제파트너스', ' 미래에셋캐피탈', ' 미래에셋벤처투자', ' 케이비인베스트먼트', ' 뮤렉스파트너스', ' 에이티넘인베스트먼트', ' 와이컴비네이터', ' 비공개투자자', ' 비공개투자자']",체커,212
"['한국투자파트너스', ' 스톤브릿지벤처스', ' 슈미트', ' 아이비케이기업은행']",아테나스랩,85
['한국타이어앤테크놀로지'],피치스그룹코리아,1
"['한국평가데이터', ' 비공개', ' 야놀자클라우드코리아', ' 한국산업은행', ' 신한은행', ' 하나은행', ' 인라이트벤처스', ' 팁스', ' 케이비인베스트먼트', ' 삼성벤처투자', ' 신한금융그룹']",빅밸류,82
"['미래에셋증권', ' 지에스벤처스', ' 씨제이인베스트먼트', ' 엔코어벤처스', ' 캡스톤파트너스', ' 디에스자산운용', ' 빅베이슨캐피탈', ' 우리은행', ' 디에스씨인베스트먼트', ' 디에스자산운용', ' 캡스톤파트너스', ' 빅베이슨캐피탈', ' 비공개', ' 피닉스다트', ' 이한주', ' 캡스톤파트너스', ' 디에스씨인베스트먼트', ' 빅베이슨캐피탈', ' 팁스', ' 캡스톤파트너스', ' 빅베이슨캐피탈', ' 디캠프']",고피자,182
"['비공개', ' 데일리파트너스', ' 삼성벤처투자', ' 신한투자증권', ' 삼성벤처투자', ' 엘에스케이인베스트먼트', ' 하나벤처스', ' 에이치비인베스트먼트', ' 삼성화재해상보험', ' 하나벤처스', ' 엘에스케이인베스트먼트', ' 에이치비인베스트먼트', ' 신용보증기금', ' 에이치비인베스트먼트', ' 로우파트너스']",에이치엠씨네트웍스,150
"['콘텐츠테크놀로지스', ' 마이다스동아인베스트먼트', ' 특허법인도담', ' 스프링캠프', ' 스프링캠프', ' 스프링캠프']",테아트룸,93
"['쇼루크파트너스', ' 비전크리에이터', ' 한라홀딩스', ' 린드먼아시아인베스트먼트', ' 젠엑시스', ' 큐더스벤처스', ' 에스비파트너스', ' 비엔케이벤처투자', ' 케이브릿지인베스트먼트', ' 심본투자파트너스', ' 팁스', ' 젠엑시스', ' 인포뱅크', ' 비공개', ' 넥스트챌린지', ' 씨엔티테크', ' 비엔케이벤처투자', ' 더인벤션랩', ' 포항공과대학교기술지주', ' 부산은행', ' 포항공과대학교기술지주', ' 부산은행', ' 더인벤션랩', ' 미라이엔터테인먼트']",웨인힐스브라이언트에이아이,196
"['세틀뱅크', ' 서울산업진흥원', ' 팁스', ' 김기사랩']",빅쏠,27
"['인사이트에퀴티파트너스', ' 케이비인베스트먼트', ' 트랜스링크인베스트먼트', ' 케이비생명보험', ' 세마인베스트먼트', ' 세마인베스트먼트', ' 비공개', ' 서울공항리무진', ' 케이비인베스트먼트', ' 엔텔스', ' 팁스', ' 케이비증권']",해빗팩토리,69
"['위벤처스', ' 에이티넘인베스트먼트', ' 모바일어플라이언스', ' 우리은행', ' 팁스', ' 현대자동차', ' 네이버', ' D2SF']",모빌테크,88
"['에이티넘인베스트먼트', ' 이수창업투자', ' 한국투자증권', ' 유진증권', ' 에스투엘파트너스', ' 옐로우독', ' 미슬토', ' 한국산업은행', ' 미슬토', ' 라이트하우스컴바인인베스트', ' 삼성벤처투자', ' 파트너스인베스트먼트', ' 비공개개인투자자', ' 소프트뱅크벤처스']",클래스팅,105
"['블록크래프터스', ' 팁스', ' 케이비인베스트먼트', ' 디캠프', ' 미래과학기술지주', ' 본엔젤스벤처파트너스', ' 본엔젤스벤처파트너스', ' 케이비인베스트먼트', ' 본엔젤스벤처파트너스']",레드윗,252
"['비에스케이인베스트먼트', ' 더웰스인베스트먼트', ' 신한대체투자운용', ' 프렌드투자파트너스', ' 디에이밸류인베스트먼트', ' 비에이파트너스', ' 신한대체투자운용', ' 비공개', ' 유니온투자파트너스', ' 제이비인베스트먼트', ' 더웰스인베스트먼트', ' 비공개', ' 유니온투자파트너스', ' 케이클라비스인베스트먼트', ' 비하이인베스트먼트', ' 팁스', ' 윤민창의투자재단', ' 디캠프', ' 프라이머', ' 네오플라이']",집토스,136
"['새한창업투자', ' 알토스벤처스', ' 미래에셋벤처투자', ' 소프트뱅크벤처스', ' 스프링캠프', ' 알토스벤처스', ' 소프트뱅크벤처스', ' 케이티인베스트먼트', ' 비공개', ' 알토스벤처스', ' 스프링캠프']",비프로컴퍼니,297
"['한국산업은행', ' 에스비아이인베스트먼트', ' 엘비인베스트먼트', ' 컴퍼니케이파트너스', ' 신한은행', ' 엘비인베스트먼트', ' 포스코기술투자', ' 이에스인베스터', ' 컴퍼니케이파트너스', ' 다올인베스트먼트', ' 소프트뱅크벤처스']",버즈빌,106
"['우아한형제들', ' 비공개투자자', ' 비공개투자자']",푸드테크,3
"['시티랩스', ' 비공개', ' 한국투자파트너스', ' 포스코기술투자', ' 키움프라이빗에쿼티', ' 시냅틱인베스트먼트']",케어랩스,44
"['아주아이비투자', ' 지에스홈쇼핑', ' 에스브이인베스트먼트', ' 뮤렉스파트너스', ' 아주아이비투자', ' 지에스홈쇼핑', ' 팁스', ' 패스트트랙아시아', ' 노정석']",다노,46
['엘앤피코스메틱'],마녀공장,1
"['캡스톤파트너스', ' 에이지인베스트먼트', ' 코리아에셋투자증권', ' 신한투자증권', ' 한밭엔젤클럽']",비주얼캠프,24
"['소프트뱅크벤처스', ' 스톤브릿지벤처스', ' 다올인베스트먼트', ' 유제일', ' 소프트뱅크벤처스', ' 스톤브릿지벤처스', ' 소프트뱅크벤처스', ' 스톤브릿지벤처스', ' 비공개', ' 트랜스링크캐피털', ' 비공개', ' 권기현', ' 신현성']",오픈서베이,172
"['코스닥공모', ' 디에스씨인베스트먼트', ' 원자산운용', ' 더웰스인베스트먼트', ' 코오롱인베스트먼트', ' 이수창업투자', ' 디에스씨인베스트먼트', ' 한국투자파트너스', ' 한국산업은행', ' 원익투자파트너스', ' 케이티인베스트먼트', ' 인탑스인베스트먼트', ' 라이트하우스컴바인인베스트', ' 다올인베스트먼트', ' 한국산업은행', ' 원익투자파트너스', ' 다올인베스트먼트', ' 디에스씨인베스트먼트', ' 다올인베스트먼트']",뉴로메카,156
"['씨제이인베스트먼트', ' 에스케이디앤디', ' 퓨처플레이', ' 씨제이인베스트먼트', ' 베이스인베스트먼트', ' 팁스', ' 퓨처플레이', ' 신한캐피탈']",한국공간데이터,163
['본엔젤스벤처파트너스'],오니스트,60
"['케이스톤파트너스', ' 퍼시픽브릿지자산운용', ' 한국투자파트너스', ' 엘비인베스트먼트', ' 신한벤처투자', ' 프리미어파트너스', ' 스틱벤처스', ' 와이지인베스트먼트', ' 11번가', ' 씨제이제일제당', ' 씨제이프레시웨이', ' 씨제이올리브네트웍스', ' 큐더스벤처스', ' 씨제이인베스트먼트', ' 신한캐피탈', ' 타임폴리오자산운용', ' 기술보증기금', ' 위대한상상', ' 비공개', ' 큐더스벤처스', ' 씨제이인베스트먼트', ' 신한캐피탈', ' 타임폴리오자산운용', ' 기술보증기금', ' 위대한상상']",바로고,110
"['엔피엑스프라이빗에쿼티', ' 엔피엑스프라이빗에쿼티', ' 케이비인베스트먼트', ' 대교인베스트먼트', ' 현대투자파트너스', ' 신한캐피탈', ' 스틱벤처스', ' 원익투자파트너스', ' 더블유엠인베스트먼트', ' 케이비인베스트먼트', ' 대교인베스트먼트', ' 신한캐피탈', ' 현대투자파트너스', ' 디에이밸류인베스트먼트', ' 스파크랩', ' 원익투자파트너스', ' 스틱벤처스', ' 케이비인베스트먼트', ' 대교인베스트먼트', ' 신한캐피탈', ' 현대투자파트너스', ' 디에이밸류인베스트먼트']",테라핀,159
"['아이디벤처스', ' 삼성벤처투자', ' 엘지전자', ' 원익투자파트너스', ' 디쓰리쥬빌리파트너스', ' 에이아이엔젤클럽', ' 원익투자파트너스', ' 스마일게이트인베스트먼트', ' 하우인베스트먼트', ' 한국벤처투자', ' 에이아이엔젤클럽', ' 다래전략사업화센터', ' 선헬스케어인터내셔널', ' 한국벤처투자', ' 에이아이엔젤클럽']",비바이노베이션,110
"['에이치비인베스트먼트', ' 라구나인베스트먼트', ' 비하이인베스트먼트', ' 디캠프', ' 비하이인베스트먼트', ' 엠와이소셜컴퍼니', ' 비공개', ' 서울산업진흥원', ' 카이스트청년창업투자지주']",하비풀,34
"['비알브이캐피털매니지먼트', ' 글린트파트너스', ' 에스비아이인베스트먼트', ' 중소벤처기업진흥공단', ' 비공개투자자', ' 디에스씨인베스트먼트', ' 에스비아이인베스트먼트', ' 캡스톤파트너스', ' 디에스씨인베스트먼트', ' 케이지이니시스', ' 비공개투자자', ' 디캠프']",에잇퍼센트,78
"['비바리퍼블리카', ' 크래프톤', ' 쏘카', ' 미래에셋벤처투자', ' 글로벌브레인', ' 500글로벌', ' 디엔에이', ' 소프트뱅크벤처스', ' 캡스톤파트너스', ' 다올인베스트먼트', ' 소프트뱅크벤처스']",브이씨엔씨,216
"['한국투자파트너스', ' 시그나이트파트너스', ' 코오롱인베스트먼트', ' 하나벤처스', ' 팁스', ' 더벤처스']",스팬딧,126
['네이버'],앤스페이스,15
"['보광창업투자', ' 슈미트', ' 엔비에이치캐피탈', ' 빅베이슨캐피탈', ' 네이버', ' D2SF', ' 롯데벤처스', ' 상상이비즈', ' 카이스트청년창업투자지주', ' 롯데벤처스', ' 팁스', ' 삼성전자']",큐엠아이티,121
"['아이엠엠크레딧앤솔루션', ' 에스에스지닷컴', ' 아이엠엠프라이빗에쿼티']",더블유컨셉코리아,3
"['비공개투자자', ' 카카오', ' 알리페이싱가포르홀딩', ' 앤트파이낸셜그룹']",카카오페이,4
"['소프트뱅크벤처스', ' 해시드', ' 가디언펀드', ' 스프링캠프', ' 본엔젤스벤처파트너스', ' 스프링캠프', ' 패스트벤처스', ' 본엔젤스벤처파트너스', ' 스프링캠프']",한국시니어연구소,282
"['스틱벤처스', ' 위드윈인베스트먼트', ' 마젤란기술투자', ' 아이피에스벤처스']",핏투게더,4
"['이노폴리스파트너스', ' 피앤피인베스트먼트', ' 윈베스트벤처투자', ' 팁스', ' 씨앤벤처파트너스', ' 디캠프', ' 비티씨인베스트먼트']",구루미,25
"['쿼드자산운용', ' 아주아이비투자', ' 에스비아이인베스트먼트', ' 엘비인베스트먼트', ' 스마일게이트인베스트먼트', ' 이에스인베스터', ' 송현인베스트먼트', ' 아모레퍼시픽', ' 레이니어파트너스', ' 딩웨이이베스트먼트파트너스']",바람인터내셔날,53
"['한국투자파트너스', ' 와이지인베스트먼트', ' 블루포인트파트너스', ' 한국투자파트너스']",깃컴퍼니,111
"['캡스톤파트너스', ' 빅베이슨캐피탈', ' 카카오게임즈', ' 캡스톤파트너스', ' 카카오벤처스', ' 빅베이슨캐피탈', ' 카카오벤처스', ' 매쉬업엔젤스']",운칠기삼,163
"['신한투자증권', ' 알펜루트자산운용', ' 디에스씨인베스트먼트', ' 카카오인베스트먼트', ' 비공개', ' 디에스자산운용', ' 디에스씨인베스트먼트', ' 팁스', ' 카이트창업가재단']",만나씨이에이,56
['아프리카티비'],씨티티디,1
"['프리미어파트너스', ' 파라투스인베스트먼트']",아이디어허브,2
"['프라이머사제파트너스', ' 프라이머', ' 디캠프']",피에로컴퍼니,110
"['신한벤처투자', ' 시그나이트파트너스', ' 라이트하우스컴바인인베스트', ' 스프링캠프', ' 신한캐피탈', ' 신한벤처투자', ' 아주아이비투자', ' 시그나이트파트너스', ' 라이트하우스컴바인인베스트', ' 디케이투자파트너스', ' 팁스', ' 퓨처플레이', ' 스프링캠프']",웨이브라이프스타일테크,177
"['하이브', ' 하이브']",수퍼톤,2
"['비공개투자자', ' 신한캐피탈', ' 오르비텍', ' 비공개투자자', ' 아이비케이기업은행', ' 원익투자파트너스', ' 에이지인베스트먼트', ' 신한캐피탈', ' 에이지인베스트먼트']",콴텍,23
"['엘지유플러스', ' 에스케이에스프라이빗에쿼티', ' 카카오벤처스', ' 신한대체투자운용', ' 에스케이', ' 더헤드파운데이션', ' 쿠옥그룹', ' 비공개투자자', ' 비공개투자자']",에누마코리아,38
"['해시드', ' 정성모터스', ' 시리즈벤처스', ' 부산대학교기술지주', ' 전남대학교기술지주회사', ' 씨엔티테크', ' 짐티', ' 비공개개인투자자', ' 디캠프', ' 인라이트벤처스', ' 김기사랩', ' 한국벤처투자', ' 에이아이엔젤클럽', ' 팁스', ' 현대자동차', ' 한국벤처투자', ' 에이아이엔젤클럽']",더트라이브,122
"['한화시스템', ' 한화자산운용', ' 에이티유파트너스', ' 에이스투자금융', ' 프라핏자산운용', ' 에스비파트너스', ' 씨케이골디락스자산운용', ' 루트엔글로벌자산운용', ' 비공개투자자', ' 씨제이인베스트먼트', ' 컴퍼니케이파트너스', ' 디에스자산운용', ' 한국산업은행', ' 카카오브레인', ' 카카오인베스트먼트', ' 한화인베스트먼트', ' 미래에셋벤처투자', ' 팁스', ' 퓨처플레이']",럭스로보,148
"['지에스리테일', ' 케이비증권', ' 솔리더스인베스트먼트', ' 세종벤처파트너스', ' 코리아에셋투자증권', ' 키움인베스트먼트', ' 비공개', ' 메리츠증권', ' 키움인베스트먼트', ' 어썸벤처스', ' 다올인베스트먼트', ' 서울산업진흥원', ' 요쿠스', ' 팁스', ' 본엔젤스벤처파트너스']",요쿠스,97
"['비공개', ' 신한캐피탈', ' 코어자산운용', ' 한양대학교기술지주회사', ' 팁스']",자이냅스,14
"['블리스바인벤처스', ' 대교인베스트먼트']",우프컴퍼니,4
"['스톤브릿지벤처스', ' 엘비인베스트먼트', ' 에스브이인베스트먼트', ' 지에스홈쇼핑', ' 에스브이인베스트먼트']",두번째,61
"['삼호그린인베스트먼트', ' 아이디벤처스', ' 티인베스트먼트', ' 비공개', ' 인포뱅크']",웨이센,19
"['베이스인베스트먼트', ' 슈미트']",정글북,31
"['백패커', ' 디씨엠벤처스', ' 네이버', ' 스트롱벤처스', ' 스트롱벤처스', ' 에스오피오오엔지']",텀블벅,48
"['케이비인베스트먼트', ' 테라핀테크', ' 스톤브릿지벤처스', ' 스틱벤처스', ' 크레비스파트너스', ' 케이비인베스트먼트', ' 직방', ' 스톤브릿지벤처스', ' 한양대학교기술지주회사', ' 우미건설', ' 팁스', ' 테라핀테크', ' 크레비스파트너스']",스페이스워크,98
"['하나증권', ' 에버베스트파트너스', ' 이앤인베스트먼트', ' 시그나이트파트너스', ' 케이비증권', ' 노앤파트너스', ' 레드배지퍼시픽', ' 한국산업은행', ' 노앤파트너스', ' 비공개투자자']",스마트푸드네트웍스,24
"['메가스터디교육', ' 메가스터디교육', ' 스마일게이트인베스트먼트', ' 퀀텀벤처스코리아']",프리딕션,33
"['앤파트너스', ' 스프링캠프', ' 베이스인베스트먼트', ' 위메이드']",해치랩스,33
"['케이비인베스트먼트', ' 케이비인베스트먼트', ' 다담인베스트먼트', ' 비공개', ' 인라이트벤처스', ' 포스코기술투자', ' 팁스']",에이치에너지,78
"['스트롱벤처스', ' 베이스인베스트먼트', ' 베이스인베스트먼트']",트리플랩스,17
"['바이트댄스', ' 키다리스튜디오', ' 아이엠엠프라이빗에쿼티', ' 엔씨소프트', ' 빅뱅엔젤스']",레진엔터테인먼트,34
"['소프트뱅크그룹', ' 비공개', ' 스마일게이트인베스트먼트', ' 한국산업은행', ' 비공개투자자', ' 델타인베스트먼트', ' 미래에셋벤처투자', ' 미래에셋자산운용', ' 케이비인베스트먼트', ' 케이플어드바이저리솔루션', ' 김병완']",크래프트테크놀로지스,97
"['인포뱅크', ' 씨엔티테크', ' 씨엔티테크', ' 스파크랩', ' 라이징에스벤처스', ' 스파크랩파트너스', ' 한국벤처투자', ' 비공개투자자']",빌리오,199
"['케이비인베스트먼트', ' 신용보증기금', ' 아주아이비투자', ' 마그나인베스트먼트']",엠트리센,116
"['티비티파트너스', ' 엘케이기술투자', ' 엘케이자산운용', ' 일신홀딩스', ' 금호건설', ' 반도건설']",에이치티비욘드,6
"['에즈금융서비스', ' 비공개', ' 현대해상', ' 하나벤처스', ' 하나생명보험', ' 하나캐피탈', ' 케이비인베스트먼트', ' 디에스자산운용', ' 에스제이투자파트너스', ' 아이디어브릿지자산운용', ' 케이비증권', ' 롯데벤처스', ' 피아이에이자산운용', ' 롯데벤처스', ' 더스퀘어앤컴퍼니', ' 에셋플러스자산운용', ' 아이씨비']",보맵,83
"['아르게스프라이빗에쿼티', ' 에이에프더블유파트너스', ' 엘비인베스트먼트', ' 퓨처플레이', ' 에스제이투자파트너스', ' 한세실업', ' 에스비파트너스', ' 에스제이투자파트너스', ' 스파크랩', ' 한국과학기술지주', ' 팁스', ' 케이디비캐피탈', ' 퓨처플레이']",비트센싱,213
"['스틱벤처스', ' 포스코기술투자', ' 티인베스트먼트', ' 알토스벤처스', ' 스틱벤처스', ' 한국산업은행', ' 알토스벤처스', ' 미래에셋캐피탈', ' 나우아이비캐피탈', ' 아이디벤처스', ' 티비티파트너스', ' 알토스벤처스', ' 티비티파트너스', ' 스파크랩', ' 신한캐피탈', ' 기술보증기금']",모토브,248
"['테라핀스튜디오', ' 한국투자파트너스', ' 인터베스트']",투믹스,27
"['프랙시스캐피탈파트너스', ' 스틱인베스트먼트', ' 에프앤에프파트너스', ' 그래비티프라이빗에쿼티', ' 이앤인베스트먼트', ' 크릿벤처스', ' 네이버웹툰', ' 이앤인베스트먼트', ' 유니온투자파트너스', ' 케이클라비스인베스트먼트', ' 케이비증권', ' 기술보증기금']",바이포엠스튜디오,12
"['엘비인베스트먼트', ' 미래에셋벤처투자', ' 에이치비인베스트먼트', ' 인탑스인베스트먼트', ' 데브시스터즈벤처스', ' 원익투자파트너스', ' 에이치비인베스트먼트', ' 비에스케이인베스트먼트', ' 데브시스터즈벤처스', ' 신한캐피탈', ' 인탑스인베스트먼트', ' 벨라파트너스', ' 한국투자파트너스', ' 포스코기술투자', ' 코오롱인베스트먼트', ' 라인플러스', ' 에버그린투자파트너스', ' 팁스', ' 퓨처플레이']",스튜디오씨드코리아,172
"['대한항공씨앤디서비스', ' 오퍼스프라이빗에퀴티', ' 에임인베스트먼트', ' 에임인베스트먼트', ' 케이디비캐피탈', ' 하나금융지주', ' 케이비증권', ' 에임인베스트먼트', ' 아이비케이캐피탈', ' 동훈인베스트먼트', ' 우리은행', ' 미래에셋증권', ' 에임인베스트먼트', ' 신용보증기금', ' 한라홀딩스']",마이셰프,74
"['한국투자파트너스', ' 키움프라이빗에쿼티', ' 엘지유플러스', ' 무신사파트너스', ' 키움인베스트먼트', ' 신한은행', ' 스파크랩벤처스', ' 아이비케이기업은행', ' 비엔더블유인베스트먼트']",레뷰코퍼레이션,47
"['굿워터캐피털', ' 인포뱅크', ' 인터베스트', ' 굿워터캐피털', ' 인포뱅크']",더발라,43
"['야놀자클라우드코리아', ' 케이비인베스트먼트', ' 에스브이인베스트먼트', ' 케이투인베스트먼트파트너스', ' 카카오벤처스', ' 삼성벤처투자', ' 디에스씨인베스트먼트', ' 카카오벤처스', ' 엔에이치엔페이코', ' 스톤브릿지벤처스', ' 카카오벤처스', ' 스톤브릿지벤처스', ' 카카오벤처스', ' 팁스']",데이블,248
"['비공개투자자', ' 아이비케이기업은행', ' 하나금융지주', ' 큐캐피탈파트너스', ' 엘비인베스트먼트', ' 엔에이치투자증권', ' 에트리홀딩스', ' 비엔케이캐피탈', ' 하나은행', ' 한국산업은행', ' 엘지유플러스', ' 네이버']",마음에이아이,68
['하나벤처스'],데이터비,15
"['씨제이이엔엠', ' 프랙시스캐피탈파트너스']",엔라이즈,2
"['카카오뱅크', ' 앵커애퀴티파트너스코리아', ' 티피지캐피털']",카카오뱅크,3
"['삼성벤처투자', ' 하나벤처스', ' 씨제이제일제당', ' 씨제이인베스트먼트', ' 팁스', ' 스프링캠프']",케어위드,96
"['비공개투자자', ' 엠비케이파트너스', ' 신한대체투자운용', ' 컴투스', ' 비씨카드', ' 새마을금고중앙회', ' 한화생명', ' 제이에스프라이빗에쿼티', ' 아이엠엠프라이빗에쿼티', ' 다날', ' 케이티', ' 우리은행', ' 엔에이치투자증권', ' 한국정보통신', ' 한화생명', ' 지에스리테일', ' 디지비캐피탈', ' 브리지텍', ' 스마일게이트엔터테인먼트', ' 한국관광공사', ' 엠디엠']",케이뱅크,21
['와이지인베스트먼트'],지피클럽,1
['해시드'],누리하우스,1
['쿠팡'],쿠팡페이,1
"['한국투자파트너스', ' 에이티넘인베스트먼트', ' 케이비증권', ' 미래에셋증권', ' 한국투자파트너스', ' 에이티넘인베스트먼트', ' 퀀텀벤처스코리아', ' 코리아오메가투자금융', ' 프리미어파트너스', ' 인터베스트', ' 한국산업은행', ' 한화인베스트먼트', ' 소프트뱅크벤처스', ' 프리미어파트너스']",아이지에이웍스,157
"['한국거래소', ' 케이비인베스트먼트', ' 다올인베스트먼트', ' 파인밸류자산운용', ' 케이비인베스트먼트', ' 인터베스트', ' 에스엘인베스트먼트', ' 메디치인베스트먼트', ' 비엔에이치인베스트먼트', ' 케이비인베스트먼트', ' 인터베스트', ' 에스엘인베스트먼트', ' 메디치인베스트먼트', ' 비엔에이치인베스트먼트']",제이엘케이,86
"['뮤렉스파트너스', ' 라이트하우스컴바인인베스트', ' 콜마비앤에이치', ' 비공개투자자']",퍼플랩스헬스케어,18
"['소프트뱅크벤처스', ' 지에스홈쇼핑']",버즈니,41
"['코너스톤투자파트너스', ' 케이비인베스트먼트', ' 아이비케이기업은행', ' 원익투자파트너스', ' 대신증권', ' 미래에셋벤처투자', ' 위벤처스', ' 위벤처스', ' 미래에셋벤처투자', ' 케이클라비스인베스트먼트']",아이언디바이스,114
"['데브시스터즈벤처스', ' 포스텍', ' 홀딩스', ' 퓨처플레이', ' 더웰스인베스트먼트', ' 신한자산운용', ' 신용보증기금', ' 팁스', ' 퓨처플레이', ' 비공개개인투자자']",애드,196
"['코오롱인베스트먼트', ' 대성창업투자', ' 얼머스인베스트먼트', ' 에스엘인베스트먼트', ' 엠더블유앤컴퍼니', ' 어니스트벤처스', ' 에스티캐피탈', ' 브이원투자자문', ' 디에이밸류인베스트먼트', ' 어큐러스그룹', ' 아이비케이자산운용', ' 브레이브뉴인베스트먼트', ' 문채이스자산운용', ' 키움증권']",숨비,28
"['비공개', ' 한국벤처투자', ' 케이디비캐피탈', ' 아주아이비투자', ' 씨케이디창업투자', ' 타임폴리오자산운용', ' 스톤브릿지벤처스', ' 킹고투자파트너스', ' 스톤브릿지캐피탈', ' 케이투인베스트먼트파트너스', ' 제이엑스파트너스']",앱티스,39
"['케이옥션', ' 리퍼블릭아시아', ' 브이원프라이빗에쿼티', ' 토니인베스트먼트', ' 아르떼크립토', ' 한국투자파트너스']",투게더아트,30
['카카오벤처스'],액트노바,30
"['메인스트리트인베스트먼트', ' 신용보증기금', ' 골드아크']",패니지먼트,62
"['카카오게임즈', ' 카카오게임즈', ' 위메이드', ' 카카오게임즈']",라이온하트스튜디오,4
"['한화자산운용', ' 한국산업은행', ' 미래에셋캐피탈', ' 신한캐피탈', ' 신한은행', ' 신한투자증권', ' 엘에스케이인베스트먼트', ' 미래에셋캐피탈', ' 기술보증기금', ' 비엔에이치인베스트먼트']",레몬헬스케어,52
"['비공개투자자', ' 비공개투자자', ' 중소벤처기업진흥공단', ' 티인베스트먼트', ' 에이치비인베스트먼트', ' 에스비파트너스', ' 에스비아이인베스트먼트', ' 포스코기술투자', ' 아이비케이기업은행', ' 유티씨인베스트먼트', ' 케이비증권', ' 중소벤처기업진흥공단', ' 에스비파트너스', ' 심본투자파트너스', ' 어센도벤처스', ' 에이아이피자산운용', ' 킹고투자파트너스', ' 비공개개인투자자', ' 비공개', ' 엘마트', ' 비공개', ' 서울투자파트너스', ' 팁스', ' 비공개', ' 에스제이투자파트너스', ' 씨엔티테크']",더맘마,122
"['티에스인베스트먼트', ' 퓨처플레이', ' 플러그앤플레이', ' 포스코기술투자', ' 팁스', ' 한국벤처투자', ' 넥스트드림엔젤클럽', ' 뉴패러다임인베스트먼트', ' 씨엔티테크', ' 비공개개인투자자']",오픈플랜,184
"['스톤브릿지벤처스', ' 에이티넘인베스트먼트', ' 엘비인베스트먼트', ' 한국산업은행', ' 다올인베스트먼트', ' 신한은행', ' 케이비증권', ' 엘지에너지솔루션', ' 지에스파워', ' 에쓰대시오일', ' 삼성벤처투자', ' 에이티넘인베스트먼트', ' 스마일게이트인베스트먼트', ' 프리미어파트너스', ' 케이넷투자파트너스', ' 에스제이투자파트너스', ' 스톤브릿지벤처스', ' 케이넷투자파트너스', ' 에쓰대시오일', ' 비에스케이인베스트먼트', ' 팁스']",원프레딕트,167
"['씨제이인베스트먼트', ' 나우아이비캐피탈', ' 비엔케이투자증권', ' 티인베스트먼트', ' 덱스터스튜디오']",디오비스튜디오,19
"['스톤브릿지캐피탈', ' 벨벳제1호', ' 큐캐피탈파트너스', ' 케이비증권', ' 미래에셋증권', ' 한국투자파트너스', ' 카카오게임즈', ' 비공개투자자', ' 에스지엔지']",카카오브이엑스,33
"['크래프톤', ' 텐센트', ' 넵튠', ' 대성창업투자', ' 아이엠엠인베스트먼트', ' 프리미어파트너스', ' 아이엠엠인베스트먼트', ' 비공개투자자', ' 케이넷투자파트너스', ' 스톤브릿지벤처스', ' 알토스벤처스']",크래프톤,92
"['네오스페스', ' 에스케이텔레콤', ' 보고펀드자산운용']",드림어스컴퍼니,3
"['엔브이씨파트너스', ' 한국산업은행', ' 스틱벤처스', ' 큐캐피탈파트너스', ' 제이비자산운용', ' 아이비케이기업은행', ' 삼성벤처투자', ' 비에스케이인베스트먼트', ' 넥슨코리아', ' 디에스자산운용', ' 크레스코레이크파트너스', ' 티비티파트너스', ' 엔브이씨파트너스', ' 넵튠', ' 컴퍼니케이파트너스', ' 케이런벤처스', ' 동문파트너즈']",샌드박스네트워크,69
"['마그나인베스트먼트', ' 신세계아이앤씨', ' 디티앤인베스트먼트', ' 동문파트너즈', ' 신세계아이앤씨', ' 케이비인베스트먼트', ' 팁스']",와이어바알리,69
"['코사인인베스트먼트', ' 비공개개인투자자']",닷츠코퍼레이션,2
"['직방', ' 에스비아이인베스트먼트', ' 대성창업투자', ' 서울투자파트너스', ' 카카오벤처스', ' 비공개투자자', ' 카카오벤처스', ' 하나은행', ' 비공개투자자', ' 카카오벤처스']",슈가힐,97
"['새한창업투자', ' 알토스벤처스', ' 씨제이인베스트먼트', ' 메리츠증권', ' 케이비증권', ' 코리아에셋투자증권', ' 유한양행', ' 아샘자산운용', ' 한국산업은행', ' 알토스벤처스', ' 스마일게이트인베스트먼트', ' 요즈마그룹코리아', ' 한국채권투자운용', ' 시너지아이비투자', ' 하나금융지주', ' 알토스벤처스', ' 오라클랜드']",신테카바이오,191
"['아이엠엠인베스트먼트', ' 디티앤인베스트먼트', ' 고릴라프라이빗에쿼티', ' 엔에이치농협캐피탈', ' 알토스벤처스', ' 소프트뱅크벤처스', ' 케이티인베스트먼트', ' 스톤브릿지벤처스', ' 대한제분', ' 알토스벤처스', ' 소프트뱅크벤처스', ' 데브시스터즈벤처스', ' 스톤브릿지벤처스', ' 소프트뱅크벤처스']",미트박스글로벌,265
"['케이비인베스트먼트', ' 알토스벤처스', ' 씨케이디창업투자', ' 알바트로스인베스트먼트', ' 덱튼벤처스', ' 케이티인베스트먼트', ' 패스파인더에이치', ' 현대투자파트너스', ' 포레스트파트너스', ' 알토스벤처스', ' 포레스트파트너스', ' 알토스벤처스', ' 다올인베스트먼트', ' 다올인베스트먼트']",링크샵스,169
"['이에스인베스터', ' 레오파트너스인베스트먼트', ' 에이지인베스트먼트', ' 한국산업은행', ' 디에스씨인베스트먼트', ' 송현인베스트먼트', ' 동문파트너즈']",미스터픽,40
"['씨엔티테크', ' 팁스']",혼밥인의만찬,70
"['아이씨에이치', ' 아이씨에이치', ' 와이즈서텍', ' 신용보증기금', ' 선보엔젤파트너스']",트위그팜,64
"['이앤에프프라이빗에퀴티', ' 에이티넘인베스트먼트', ' 한국투자파트너스', ' 프리미어파트너스', ' 컴퍼니케이파트너스', ' 타임폴리오자산운용', ' 한국투자증권', ' 코너스톤에퀴티파트너스']",아데나소프트웨어,46
"['엠포드에쿼티파트너스', ' 얼머스인베스트먼트', ' 비엔케이투자증권', ' 한국투자증권', ' 키움증권', ' 한양증권', ' 시너지아이비투자', ' 에스티리더스프라이빗에쿼티', ' 엔에이치헤지자산운용', ' 식스브릿지자산운용', ' 비공개투자자', ' 비공개투자자', ' 케이디비캐피탈', ' 에스엘인베스트먼트', ' 퓨처플레이', ' 비에이파트너스', ' 현대투자파트너스', ' 한컴인베스트먼트', ' 더블유엠인베스트먼트', ' 유경피에스지자산운용', ' 팁스', ' 퓨처플레이']",에스오에스랩,149
"['엘지유플러스', ' 한국투자파트너스', ' 티에스인베스트먼트', ' 삼성벤처투자', ' 나우아이비캐피탈']",지니웍스,53
"['이지스투자파트너스', ' 플랜에이치벤처스', ' 아이비케이기업은행', ' 현대차증권', ' 팁스', ' 아이비케이기업은행', ' 비공개개인투자자', ' 하나벤처스']",뷰메진,59
"['캡스톤파트너스', ' 스트롱벤처스', ' 비에이파트너스', ' 인지소프트', ' 쿼드벤처스', ' 유경피에스지자산운용', ' 세틀뱅크', ' 쿨리지코너인베스트먼트', ' 신한캐피탈', ' 인지소프트', ' 보광창업투자', ' 캡스톤파트너스', ' 스트롱벤처스', ' 어니스트벤처스', ' 더웰스인베스트먼트', ' 비에이파트너스', ' 보광창업투자', ' 캡스톤파트너스', ' 스트롱벤처스', ' 디캠프', ' 고위드']",모인,129
"['타임폴리오자산운용', ' 신한벤처투자', ' 티그리스인베스트먼트', ' 세종벤처파트너스', ' 대성창업투자', ' 유경피에스지자산운용', ' 씨제이인베스트먼트', ' 원익투자파트너스', ' 비공개', ' 쿨리지코너인베스트먼트', ' 비공개', ' 네이버', ' D2SF', ' 원익투자파트너스', ' 씨제이인베스트먼트', ' 코리아오메가투자금융', ' 우리은행', ' 코리아오메가투자금융', ' 패스트인베스트먼트', ' 신용보증기금', ' 벤처스퀘어', ' 팁스']",한국축산데이터,209
"['휴맥스', ' 에스제이투자파트너스']",레인포컴퍼니,2
"['도이치텔레콤캐피털파트너스', ' 마이크로소프트', ' 엘지유플러스', ' 케이티', ' 키움인베스트먼트', ' 에스케이증권']",원스토어,6
"['인라이트벤처스', ' 대성창업투자', ' 알바트로스인베스트먼트', ' 하이투자파트너스', ' 신한은행', ' 원익투자파트너스', ' 스마일게이트인베스트먼트', ' 신한캐피탈', ' 대성창업투자']",이노시뮬레이션,38
"['현대차증권', ' 한국산업은행', ' 스톤브릿지벤처스', ' 지유투자', ' 비공개', ' 위벤처스', ' 비공개투자자', ' 비공개투자자', ' 팁스']",오픈엣지테크놀로지,60
"['코스닥공모', ' 동화약품', ' 동구바이오제약', ' 한국산업은행', ' 에스비아이인베스트먼트', ' 스마일게이트인베스트먼트', ' 에이치비인베스트먼트', ' 퓨처플레이', ' 녹십자', ' 에스비아이인베스트먼트', ' 스마일게이트인베스트먼트', ' 에이치비인베스트먼트', ' 에이치글로벌파트너스', ' 팁스', ' 본엔젤스벤처파트너스', ' 퓨처플레이']",뷰노,274
"['팁스', ' 슈미트', ' 블루포인트파트너스']",진지한컴퍼니,100
"['우리은행', ' 에이지인베스트먼트']",원패밀리,2
"['에이치비인베스트먼트', ' 디에스자산운용', ' 신한은행', ' 베이스인베스트먼트', ' 뮤렉스파트너스', ' 케이비인베스트먼트', ' 에이치비인베스트먼트', ' 한화투자증권', ' 두나무앤파트너스', ' 베이스인베스트먼트', ' 뮤렉스파트너스', ' 티엘자산운용', ' 케이비인베스트먼트', ' 한화인베스트먼트', ' 신한캐피탈', ' 신한은행', ' 세틀뱅크', ' 고위드', ' 신현성']",어니스트펀드,128
"['에이치비인베스트먼트', ' 아이비케이캐피탈', ' 대성창업투자', ' 코오롱인베스트먼트', ' 마이벤처파트너스']",식신,19
"['본엔젤스벤처파트너스', ' 카이스트청년창업투자지주']",버틀러,61
['미디어윌'],스테이션3,1
"['이앤엔터프라이즈', ' 제이비자산운용', ' 비공개투자자', ' 에스티텔레미디어', ' 디와이홀딩스', ' 에스케이텔레콤차이나', ' 비공개투자자', ' 에스티텔레미디어', ' 디와이홀딩스', ' 알토스벤처스', ' 프리미어파트너스', ' LEGEND', ' CAPITAL', ' 효성아이티엑스']",베스핀글로벌,53
"['인비저닝파트너스', ' 지에스벤처스', ' 현대투자파트너스', ' 신한자산운용', ' 퀀텀벤처스코리아', ' 비엔케이벤처투자', ' 서울대학교기술지주', ' 카카오벤처스', ' 디캠프', ' 베이스인베스트먼트', ' 팁스', ' 서울대학교기술지주', ' 카카오벤처스']",어썸레이,117
"['스톤브릿지벤처스', ' 에이티넘인베스트먼트', ' 네이버', ' D2SF', ' 컴퍼니케이파트너스', ' 스톤브릿지벤처스', ' 카이트창업가재단']",다임리서치,92
"['대교인베스트먼트', ' 엘앤에스벤처캐피털', ' 케이클라비스인베스트먼트', ' 신한캐피탈', ' 오클렌벤처스', ' 팁스', ' 제이비벤처스']",잉클,18
"['수인베스트먼트캐피탈', ' 비엔케이투자증권', ' 케이앤투자파트너스', ' 어니스트벤처스', ' 신용보증기금']",프리뉴,64
"['한국산업은행', ' 아이디어브릿지자산운용', ' 스틱인베스트먼트', ' 지온인베스트먼트', ' 스파크랩', ' 롯데벤처스']",센스톤,93
"['비공개', ' 코인베이스벤처스', ' 위메이드트리', ' 해시드', ' 코인베이스벤처스', ' 코코네', ' 지에스퓨처스', ' 가디언펀드', ' 위메이드트리', ' 팁스', ' 비공개', ' 스프링캠프', ' 카카오인베스트먼트', ' 브이아이피자산운용', ' 카카오지']",하이퍼리즘,53
"['이에스인베스터', ' 아이비케이기업은행', ' 롯데벤처스', ' 라구나인베스트먼트', ' 더벤처스', ' 김기사랩', ' 팁스', ' 김기사랩', ' 라구나인베스트먼트', ' 더벤처스', ' 케이브릿지인베스트먼트']",론픽,166
"['스틱벤처스', ' 롯데벤처스', ' 한화', ' 다올인베스트먼트', ' 케이비인베스트먼트', ' 한국산업은행', ' 한국산업은행', ' 케이비인베스트먼트', ' 다올인베스트먼트', ' 마그나인베스트먼트', ' 신용보증기금', ' 신용보증기금']",버넥트,249
"['비공개', ' 현대드림투어', ' 현대자동차', ' 윤민창의투자재단']",어뮤즈,4
"['다올인베스트먼트', ' 유한양행', ' 엔에이치투자증권', ' 메리츠증권', ' 퓨처플레이', ' 스마일게이트인베스트먼트', ' 한국산업은행', ' 아이비케이기업은행', ' 에이벤처스', ' 인사이트에퀴티파트너스', ' 유한양행', ' 신한캐피탈', ' 시너지아이비투자', ' 퓨처플레이', ' 유한양행', ' 아주아이비투자', ' 스마일게이트인베스트먼트', ' 신한벤처투자', ' 시너지아이비투자', ' 신한캐피탈', ' 데일리파트너스', ' 미래에셋캐피탈', ' 본엔젤스벤처파트너스', ' 500글로벌', ' 퓨처플레이', ' 팁스', ' 퓨처플레이']",휴이노,553
"['와이앤아처', ' 하우인베스트먼트', ' 두나미스자산운용', ' 기술보증기금', ' 와이지인베스트먼트']",비팩토리,7
"['블루포인트파트너스', ' 신한라이프생명보험', ' 넥스트지인베스트먼트', ' 팁스', ' 플래티넘기술투자', ' 비공개투자자']",아이픽셀,74
['알지티'],이지스엔터프라이즈,1
"['엔피엑스', ' 키움증권']",탑코,2
"['신한캐피탈', ' 에스브이인베스트먼트', ' 미래에셋벤처투자', ' 디에스자산운용', ' 머스트벤처스', ' 브이아이피자산운용', ' 비공개', ' 신한캐피탈', ' 에스브이인베스트먼트', ' 티몬', ' 한화갤러리아']",스마일벤처스,58
"['한국투자파트너스', ' 우리은행', ' 비전에쿼티파트너스', ' 아이비케이투자증권', ' 마그나인베스트먼트', ' 솔리더스인베스트먼트', ' 비하이인베스트먼트', ' 마그나인베스트먼트', ' 에버그린투자파트너스', ' 신한캐피탈', ' 보광창업투자', ' 스파크랩']",모티브인텔리전스,153
"['팁스', ' 마그나인베스트먼트', ' 연세대학교기술지주']",위트레인,41
"['한국산업은행', ' 포지티브인베스트먼트파트너스', ' 코리아에셋투자증권', ' 에이치비인베스트먼트', ' 유안타인베스트먼트', ' 에스비아이인베스트먼트', ' 대신증권', ' 한국투자파트너스', ' 로그인베스트먼트', ' 아이비케이기업은행', ' 한국투자파트너스', ' 다담인베스트먼트', ' 한국투자파트너스', ' 엘앤에스벤처캐피털', ' 레오파트너스인베스트먼트', ' 대덕벤처파트너스', ' 동훈인베스트먼트', ' 비공개투자자', ' 팁스']",엑셀세라퓨틱스,137
"['한국산업은행', ' 포스코기술투자', ' 프리미어파트너스', ' 케이프투자증권', ' 엔젤벤처스', ' 델타인베스트먼트', ' 한국콜마홀딩스', ' 아이비케이기업은행', ' 에스케이증권', ' 디티캐피털파트너스', ' 다올인베스트먼트', ' 디에스씨인베스트먼트', ' 디에스씨인베스트먼트']",비투링크,93
"['아이씨비', ' 비티씨인베스트먼트', ' 다올인베스트먼트', ' 지에스홈쇼핑']",어메이저,4
['카페24'],핌즈,1
['인포뱅크'],넥스트러너스,1
"['엘지에너지솔루션', ' 아이스퀘어벤처스', ' 포스코기술투자', ' 케이비증권', ' 미래에셋벤처투자', ' 에이티넘인베스트먼트', ' 알바트로스인베스트먼트', ' 한국투자파트너스', ' 케이비인베스트먼트', ' 아이스퀘어벤처스', ' 지에스에너지', ' 미래에셋벤처투자', ' 에이티넘인베스트먼트', ' 알바트로스인베스트먼트']",민테크,142
"['어센도벤처스', ' 스마일게이트인베스트먼트', ' 소풍벤처스', ' 록야', ' 비공개투자자']",에이아이에스,36
"['디엑스앤브이엑스', ' 르네상스자산운용', ' 현대기술투자', ' 한국투자증권', ' 원익투자파트너스', ' 에이치비인베스트먼트', ' 엘비인베스트먼트', ' 현대기술투자', ' 현대엠파트너스']",에빅스젠,23
"['네이버클라우드', ' 카카오벤처스', ' 뮤렉스파트너스', ' 두나무앤파트너스', ' 아산사회복지재단', ' 카카오벤처스', ' 뮤렉스파트너스', ' 개념원리', ' 레오파트너스인베스트먼트', ' 두나무앤파트너스', ' 베이스인베스트먼트']",세나클소프트,135
"['크러스트유니버스', ' 크러스트유니버스', ' 비공개', ' 블로코어', ' 비공개', ' 네오플라이', ' 트랜스링크캐피털', ' 크레센도에쿼티파트너스', ' 아이디지캐피탈', ' 레저캐피탈']",그라운드엑스,38
"['디에스씨인베스트먼트', ' 에스디비인베스트먼트', ' 아이비케이기업은행', ' 케이비증권', ' 컴퍼니케이파트너스', ' 에이티넘인베스트먼트', ' 뮤렉스파트너스', ' 브리즈인베스트먼트', ' 우미건설', ' 에이티넘인베스트먼트', ' 케이투인베스트먼트파트너스', ' 우미건설', ' 뮤렉스파트너스', ' 브리즈인베스트먼트', ' 에이티넘인베스트먼트', ' 컴퍼니케이파트너스', ' 스톤브릿지벤처스', ' 직방', ' 팁스', ' 프라이머', ' 사제']",큐픽스,236
['브이디컴퍼니'],페이크럭스컴퍼니,1
"['한국산업은행', ' 아이엠엠인베스트먼트', ' 프리미어파트너스', ' 코오롱인베스트먼트']",이브로드캐스팅,46
"['팁스', ' 브이엔티지', ' 윤민창의투자재단']",아이들랩,12
"['신한투자증권', ' 신한캐피탈', ' 신한투자증권', ' 릴슨프라이빗에쿼티', ' 스마일게이트인베스트먼트', ' 카카오인베스트먼트', ' 카카오인베스트먼트']",스테이지파이브,36
"['비공개', ' 흥국증권', ' 티사이언티픽', ' 아프리카티비', ' 디에스자산운용', ' 대신증권', ' 파트너스인베스트먼트', ' 유티씨인베스트먼트', ' 아프리카티비', ' 센트럴투자파트너스', ' 네이버']",오지큐,25
"['디티앤인베스트먼트', ' 인라이트벤처스', ' 인탑스인베스트먼트', ' 유온인베스트먼트', ' 와이지인베스트먼트', ' 한국투자증권', ' 원익투자파트너스', ' 로그인베스트먼트', ' 우신벤처투자', ' 현대기술투자', ' 한국산업은행', ' 케이비인베스트먼트', ' 삼성벤처투자', ' 디티앤인베스트먼트', ' 제이앤제이인베스트먼트', ' 마젤란기술투자', ' 마이다스동아인베스트먼트', ' 하이투자파트너스', ' 송현인베스트먼트', ' 하이투자파트너스', ' 삼성벤처투자', ' 송현인베스트먼트']",아이브이웍스,108
"['케이비인베스트먼트', ' 미래에셋벤처투자', ' 교보라이프플래닛생명보험', ' 아톤', ' 신한금융그룹', ' 더시드파트너스', ' 케이비인베스트먼트', ' 미래에셋벤처투자', ' 더시드파트너스', ' 비공개투자자']",쿼터백그룹,96
"['네이버', ' D2SF', ' 현대자동차', ' 카카오벤처스', ' 에이티넘인베스트먼트', ' 한국투자파트너스', ' 케이비인베스트먼트', ' 한국산업은행', ' 에이티넘인베스트먼트', ' 네이버', ' D2SF', ' 카카오벤처스', ' 신용보증기금', ' 팁스', ' 엘앤에스벤처캐피털', ' 네이버', ' D2SF']",모라이,362
"['케이티인베스트먼트', ' 카카오인베스트먼트', ' 팁스', ' 퓨처플레이']",휴멜로,86
"['현대기술투자', ' 알바트로스인베스트먼트', ' 수인베스트먼트캐피탈', ' 삼호그린인베스트먼트', ' 케이투인베스트먼트파트너스', ' 메이플투자파트너스', ' 현대기술투자', ' 삼호그린인베스트먼트', ' 알바트로스인베스트먼트', ' 신한은행', ' 기술보증기금', ' 수인베스트먼트캐피탈', ' 기술보증기금', ' 파인밸류자산운용', ' 포항공과대학교기술지주', ' 팁스', ' 엘지전자']",엔젤로보틱스,35
"['한국투자파트너스', ' 아이엠엠인베스트먼트', ' 타임폴리오자산운용', ' 한국투자파트너스']",에스피메드,66
"['글린트파트너스', ' 현대자동차', ' 알티캐스트', ' 씨엔티테크', ' 팁스', ' 현대자동차', ' 블랙마운틴벤처스', ' 아이모벤처스']",마지막삼십분,76
"['엠와이소셜컴퍼니', ' 에스케이이노베이션']",쉐코,4
"['한국산업은행', ' 유안타인베스트먼트', ' 신한벤처투자', ' 비에스케이인베스트먼트', ' 아이엠엠인베스트먼트', ' 비엔케이벤처투자', ' 비에스케이인베스트먼트', ' 디에스씨인베스트먼트', ' 비에이파트너스', ' 티그리스인베스트먼트']",엔라이튼,90
"['아이엠엠인베스트먼트', ' 디에스씨인베스트먼트', ' 위벤처스']",비케이브,50
"['엘지전자', ' 한국산업은행', ' 키움증권', ' 케이앤투자파트너스', ' 인라이트벤처스', ' 비엔케이벤처투자', ' 서울투자파트너스', ' 포항공과대학교기술지주', ' 팁스']",티랩스,55
"['파트너스인베스트먼트', ' 메디치인베스트먼트', ' 대교인베스트먼트', ' 한국투자증권', ' 헤이스팅스자산운용', ' 팁스', ' 퓨처플레이']",뉴아인,77
"['팁스', ' 본엔젤스벤처파트너스']",딥네츄럴,70
"['지에스칼텍스', ' 롯데렌탈', ' 엘비인베스트먼트']",그린카,17
"['미래에셋컨설팅', ' 서울산업진흥원', ' 팁스', ' 비공개투자자', ' 에버그린투자파트너스', ' 비공개투자자']",핀투비,29
"['카카오벤처스', ' 스트롱벤처스', ' 프라이머']",포휠즈,135
"['팁스', ' 블루포인트파트너스', ' 한국과학기술지주']",립하이,71
"['비공개', ' 바이낸스', ' 스트롱벤처스', ' 디지털커런시그룹', ' 제트벤처캐피탈', ' 케이비인베스트먼트', ' 비공개', ' 디지털커런시그룹', ' 스트롱벤처스', ' 유경피에스지자산운용', ' 비공개투자자', ' 디지털커런시그룹', ' 펜부시캐피탈', ' 신한은행', ' 아이씨비', ' 신한디에스', ' 팁스', ' 블루포인트파트너스']",스트리미,138
"['어펄마캐피탈매니저스코리아', ' 한화손해보험', ' 알토스벤처스', ' 스틱인베스트먼트', ' 한화손해보험', ' 에스케이텔레콤', ' 알토스벤처스', ' 현대자동차']",캐롯손해보험,86
"['제트에프프리드리히스하펜', ' 앱티브', ' 엔베스터', ' 타임폴리오자산운용', ' 케이클라비스', ' 엘에스에스프라이빗에쿼티', ' 아이신세이키', ' 페가수스테크벤처스', ' 아이비케이캐피탈', ' 포스코기술투자', ' 미래에셋벤처투자', ' 신한벤처투자', ' 타임폴리오자산운용', ' 라이트하우스컴바인인베스트', ' 엘에스에스프라이빗에쿼티', ' 아이디지캐피탈파트너스코리아', ' 글로벌브레인', ' 현대모비스', ' 엘지전자', ' 팁스', ' 현대자동차']",스트라드비젼,82
['큐비어스'],디렉셔널,1
"['현대차증권', ' 에스케이쉴더스', ' 노틱인베스트먼트', ' 엘로힘파트너스', ' 어큐러스그룹', ' 우아한형제들', ' 에스케이쉴더스', ' 비공개', ' 넷마블', ' 씨티케이인베스트먼트', ' 엘앤씨바이오', ' 글로벌의학연구센터', ' 비공개', ' 비공개투자자']",룰루랩,14
"['아이비케이캐피탈', ' 유니온투자파트너스', ' 두은앤컴퍼니', ' 비공개투자자', ' 비공개투자자']",위블링,5
"['스마일게이트인베스트먼트', ' 삼성생명공익재단', ' 케이투인베스트먼트파트너스', ' 아주아이비투자', ' 스톤브릿지벤처스', ' 종근당', ' 하나벤처스', ' 엔에이치투자증권', ' 피보나치자산운용', ' 삼성생명공익재단', ' 삼성벤처투자', ' 스마일게이트인베스트먼트', ' 코오롱인베스트먼트', ' 지유투자', ' 티인베스트먼트', ' 디티앤인베스트먼트', ' 에버그린투자파트너스', ' 원앤파트너스유한책임회사', ' 케이투인베스트먼트파트너스', ' 스마일게이트인베스트먼트', ' 삼성벤처투자', ' 코오롱인베스트먼트', ' 원앤파트너스유한책임회사', ' 디티앤인베스트먼트', ' 에버그린투자파트너스', ' 지유투자', ' 티인베스트먼트', ' 엔텔스', ' 팁스']",이엔셀,229
"['디지털헬스케어파트너스', ' 비엔에이치인베스트먼트', ' 타임폴리오자산운용', ' 데브시스터즈벤처스', ' 타임폴리오자산운용', ' 디지털헬스케어파트너스', ' 소풍벤처스']",뉴베이스,67
"['코베아', ' 매쉬업엔젤스']",밴플,61
"['빅베이슨캐피탈', ' 서울대학교기술지주', ' 크립톤', ' 크립톤']",공유어장,8
"['스마트스터디벤처스', ' 선앤엘', ' 블루포인트파트너스', ' 현대해상', ' 서울산업진흥원', ' 인라이트벤처스', ' 서울투자파트너스', ' 인라이트벤처스']",이해라이프스타일,81
"['로간벤처스', ' 작가컴퍼니']",투니모션,2
"['위벤처스', ' 네이버', ' D2SF', ' 스톤브릿지벤처스', ' 케이비인베스트먼트', ' 메가존', ' 슈퍼패스트', ' 티인베스트먼트', ' 팁스', ' 스파크랩', ' 네이버', ' D2SF']",클로아,218
"['에스케이증권', ' 에이치와이케이파트너스']",오늘의꽃,2
"['한국산업은행', ' 한국성장금융투자운용', ' 키움인베스트먼트']",지속가능발전소,17
"['미래에셋벤처투자', ' 아주아이비투자', ' 우신벤처투자', ' 인터베스트', ' 아주컨티뉴엄', ' 스틱벤처스', ' 코람코자산운용', ' 아이비케이캐피탈', ' 우신벤처투자', ' 미래에셋벤처투자', ' 인터베스트', ' 메디치인베스트먼트']",스파크플러스,50
"['탭엔젤파트너스', ' 스파크랩']",에스앤피랩,63
"['엔에이치엔', ' 도이치텔레콤캐피털파트너스', ' 에이티넘인베스트먼트', ' 컴퍼니케이파트너스', ' 알티캐스트', ' 동훈인베스트먼트', ' 보광창업투자', ' 엔에이치엔인베스트먼트', ' 제이앤티인베스트먼트']",카테노이드,23
"['한국거래소', ' 비공개', ' 플러그앤플레이', ' 비공개', ' 플러그앤플레이', ' 신한캐피탈', ' 수인베스트먼트캐피탈', ' 인터베스트', ' 인터밸류파트너스', ' 네이버']",알체라,62
"['한국산업은행', ' 신영증권', ' 젠티움파트너스', ' 아이엠엠인베스트먼트', ' 국순당', ' 아이엠엠인베스트먼트', ' 아이엠엠인베스트먼트', ' 아이엠엠인베스트먼트', ' 국순당']",팜에이트,79
"['인터베스트', ' 신한투자증권', ' 한국투자증권', ' 동구바이오제약', ' 인터베스트']",바이오노트,5
"['에스제이투자파트너스', ' 우미글로벌', ' 에스비파트너스', ' 본엔젤스벤처파트너스', ' 에스제이투자파트너스', ' 엔비에이치캐피탈', ' 옐로우독', ' 전종하', ' 본엔젤스벤처파트너스', ' 머스크엔젤클랩', ' 스파크랩글로벌벤처스', ' 스파크랩']",스테이즈,198
"['인포뱅크', ' 우리은행']",피플카,2
"['솔리더스인베스트먼트', ' 엘앤에스벤처캐피탈', ' 비공개투자자', ' 지노믹트리', ' 타임폴리오자산운용', ' 디에이밸류인베스트먼트', ' 스타셋인베스트먼트', ' 엘앤에스벤처캐피탈', ' 비공개투자자', ' 삼호그린인베스트먼트', ' 원익투자파트너스', ' 파트너스인베스트먼트', ' 비엔에이치인베스트먼트', ' 엘에스케이인베스트먼트', ' 엘앤에스벤처캐피탈', ' 비공개투자자', ' 원익투자파트너스', ' 파트너스인베스트먼트', ' 삼호그린인베스트먼트']",옵토레인,19
"['한국엔젤투자협회', ' 비공개개인투자자', ' 팁스', ' 서울대학교기술지주', ' 충남대학교창업재단', ' 충남대학교기술지주', ' 아이피에스벤처스']",닉스,16
"['유경피에스지자산운용', ' 쿼드자산운용', ' 세븐트리에쿼티파트너스', ' 엔에이치투자증권', ' 신한투자증권', ' 비엔케이자산운용', ' 아이비케이기업은행', ' 유경피에스지자산운용', ' 이음프라이빗에퀴티', ' 아르케인베스트먼트', ' 아르케인베스트먼트', ' 씨제이인베스트먼트', ' 쿼드자산운용', ' 팁스', ' 비공개투자자', ' 비공개투자자']",뉴라클사이언스,53
"['퍼스트게이트', ' 팁스', ' 서울대학교기술지주']",랭코드,12
"['엘비인베스트먼트', ' 비공개투자자', ' 위더코어', ' 하나벤처스', ' 하나금융지주', ' 에스엘인베스트먼트', ' 디에스씨인베스트먼트', ' 더웰스인베스트먼트', ' 한국투자파트너스', ' 미래에셋벤처투자', ' 한화인베스트먼트', ' 신한벤처투자', ' 대성창업투자', ' 한빛인베스트먼트']",피피비스튜디오스,137
"['필리안벤처투자', ' 어니스트벤처스', ' 루트벤처스', ' 비공개투자자', ' 비공개투자자']",포인블랙,5
"['에셋플러스자산운용', ' 차이나링크', ' 하나금융지주', ' 인포뱅크', ' 제피러스랩', ' 비공개개인투자자']",골라라,6
"['한섬', ' 무신사파트너스', ' 미래에셋벤처투자', ' 포레스트파트너스', ' 다올인베스트먼트', ' 한국투자파트너스', ' 미래에셋벤처투자', ' 삼성벤처투자', ' 이수창업투자', ' 에스제이투자파트너스', ' 기술보증기금', ' 포레스트파트너스']",왁티,98
"['비공개', ' 엘엑스인터내셔널', ' 다올인베스트먼트', ' 비하이인베스트먼트', ' 신한벤처투자', ' 비엔케이벤처투자', ' 롯데벤처스', ' 다올인베스트먼트']",파블로항공,55
"['하나금융지주', ' 티엘자산운용', ' 코리아에셋투자증권', ' 한국투자파트너스', ' 하나금융지주', ' 한국투자증권', ' 리딩투자증권', ' 한국투자파트너스']",한패스,56
"['인티그레이션', ' 하나벤처스']",데니어,16
"['비공개', ' 디에스씨인베스트먼트', ' 비공개투자자', ' 빅베이슨캐피탈', ' 빅베이슨캐피탈']",콩스튜디오코리아,24
"['캡스톤파트너스', ' 에이치비인베스트먼트', ' 에스비파트너스', ' 한국투자프라이빗에쿼티', ' 하나금융지주', ' 캡스톤파트너스', ' 케이디비캐피탈', ' 케이비증권', ' 코로프라넥스트', ' 케이비증권', ' 케이디비캐피탈', ' 에이치비인베스트먼트', ' 캡스톤파트너스', ' 에스비파트너스', ' 케이비증권', ' 캡스톤파트너스', ' 코로프라넥스트', ' 캡스톤파트너스', ' 쿨리지코너인베스트먼트', ' 팁스', ' 한국벤처투자']",악어디지털,139
['피스컬노트'],데이터헌트,1
"['벤처스퀘어', ' 스프링캠프', ' 두나미스자산운용', ' 비공개개인투자자', ' 비공개개인투자자']",볼드코퍼레이션,63
"['비공개투자자', ' 엔에이치투자증권', ' 신한투자증권', ' 액트온인베스트먼트', ' 카카오']",바이브컴퍼니,5
"['위벤처스', ' 스트롱벤처스', ' 팁스', ' 케이비인베스트먼트', ' 스트롱벤처스', ' 롯데벤처스', ' 프라이머']",카바조,185
['스틱인베스트먼트'],쥬비스다이어트,1
"['비공개', ' 비공개투자자', ' 리벤처스', ' 블루포인트파트너스', ' 팁스']",이너보틀,73
"['큐더스벤처스', ' 에스비아이인베스트먼트', ' 한국투자파트너스', ' 다올인베스트먼트']",레인보우로보틱스,28
"['한국산업은행', ' 에스비아이인베스트먼트', ' 키움인베스트먼트', ' 에이치비인베스트먼트', ' 신한캐피탈', ' 케이비증권', ' 스톤브릿지벤처스', ' 코로프라넥스트', ' 스톤브릿지벤처스', ' 케이비인베스트먼트']",오드컨셉,76
"['키움인베스트먼트', ' 솔리더스인베스트먼트', ' 디티앤인베스트먼트', ' 엔에이치투자증권', ' 르네상스자산운용', ' 케이비인베스트먼트', ' 한국벤처투자', ' 프리미어파트너스', ' 롯데벤처스', ' 케이비인베스트먼트', ' 엘비인베스트먼트', ' 프리미어파트너스', ' 디에스씨인베스트먼트']",마켓디자이너스,122
"['이에스인베스터', ' 캡스톤파트너스', ' 티에스인베스트먼트', ' 세마인베스트먼트', ' 코로프라넥스트', ' 캡스톤파트너스', ' 세마인베스트먼트', ' 동문파트너즈', ' 캡스톤파트너스', ' 제일기획', ' 매쉬업엔젤스']",텐핑,127
"['비하이인베스트먼트', ' 하나증권', ' 에스케이', ' 하나금융지주', ' 비하이인베스트먼트', ' 팁스', ' 쿨리지코너인베스트먼트']",써모랩코리아,16
"['스톤브릿지벤처스', ' 지에스리테일', ' 다날', ' 우리은행', ' 티케인베스트먼트', ' 스톤브릿지벤처스']",캐비아,34
"['에스비아이인베스트먼트', ' 이앤벤처파트너스', ' 디에이밸류인베스트먼트', ' 에버그린투자파트너스', ' 씨엔티테크', ' 팁스', ' 엔피프틴파트너스']",다리소프트,104
['신용보증재단'],힐스로보틱스,1
['레드블루'],건강한친구들,1
['앤틀러코리아'],오픈그룹,1
"['제이커브인베스트먼트', ' 프로디지인베스트먼트', ' 인포뱅크', ' 에이아이엔젤클럽', ' 케어랩스']",메디스태프,5
['리벤처스'],블루비커,1
"['에스케이증권', ' 한진', ' 비공개투자자', ' 비엔케이벤처투자', ' 이노폴리스파트너스']",티에이치케이컴퍼니,19
['온힐'],개밥왕,1
"['엘앤에스벤처캐피털', ' 제이와이피엔터테인먼트', ' 한국산업은행', ' 한국벤처투자', ' 인포뱅크', ' 팁스']",버즈앤비,43
"['콘텐츠테크놀로지스', ' 와이지플러스', ' 팁스', ' 아이비케이기업은행', ' 카이스트청년창업투자지주']",나이비,28
"['인터베스트', ' 에스비아이인베스트먼트', ' 하우인베스트먼트', ' 하나금융지주', ' 우리은행', ' 비공개', ' 우리은행', ' 미래에셋벤처투자', ' 에스비아이인베스트먼트', ' 인터베스트', ' 하나금융지주', ' 한컴인베스트먼트', ' 미래에셋벤처투자', ' 캡스톤파트너스', ' 더벤처스', ' 하우인베스트먼트', ' 우리기술투자', ' 에이아이엔젤클럽', ' 미래에셋벤처투자', ' 캡스톤파트너스', ' 팁스', ' 더벤처스']",아이지넷,244
"['삼성벤처투자', ' 알에이치코리아', ' 코엔트리인베스트먼트', ' 비엔케이캐피탈', ' 브이에스인베스트먼트', ' 엔에이치투자증권', ' 한화투자증권', ' 하나금융지주', ' 신한캐피탈', ' 아이비케이투자증권', ' 타임폴리오자산운용', ' 수인베스트먼트캐피탈', ' 미디어코보', ' 팁스', ' 스파크랩벤처스']",더블미,48
"['롯데푸드', ' 비공개투자자', ' 비공개', ' 르네상스자산운용']",푸드어셈블,4
"['비디씨랩스', ' 티인베스트먼트', ' 우리은행', ' 디케이투자파트너스', ' 현대기술투자', ' 포스코기술투자', ' 인터베스트', ' 캡스톤파트너스', ' 인터베스트', ' 엘앤에스벤처캐피털', ' 캡스톤파트너스', ' 동문파트너즈', ' 하나금융지주', ' 매쉬업엔젤스']",브리치,125
"['코스닥공모', ' 에이스톤벤처스', ' 한국투자증권']",유일로보틱스,3
"['팁스', ' 대덕벤처파트너스', ' 신용보증기금', ' 국민대학교기술지주']",스타일봇,81
"['케이비인베스트먼트', ' 대교인베스트먼트', ' 크리에이츠', ' 팁스', ' 더벤처스', ' 김기사랩', ' 컴퍼니비']",모아이스,101
"['대성창업투자', ' 한국산업은행', ' 타임폴리오자산운용', ' 인터밸류파트너스', ' 본엔젤스벤처파트너스', ' 팁스', ' 본엔젤스벤처파트너스', ' 네이버', ' D2SF']",뷰런테크놀로지,193
"['한화생명', ' 비엔케이투자증권', ' 애비뉴컴퍼니제삼호']",탤런트뱅크,3
['네이버웹툰'],로커스,1
"['기술보증기금', ' 한화투자증권', ' 신한투자증권', ' 스틱벤처스', ' 케이앤투자파트너스', ' 케이비인베스트먼트', ' 롯데벤처스', ' 다담인베스트먼트', ' 에스엘인베스트먼트']",케이비엘러먼트,47
"['하나벤처스', ' 씨엔티테크']",레니프,75
"['에이티넘인베스트먼트', ' 케이투인베스트먼트파트너스', ' 서울대학교기술지주', ' 에이티넘인베스트먼트', ' 서울대학교기술지주', ' 마그나인베스트먼트', ' 블루포인트파트너스', ' 서울대학교기술지주', ' 내비온']",무브,125
['소프트뱅크벤처스'],미라지소프트,40
"['스마일게이트인베스트먼트', ' 나우아이비캐피탈', ' 신한캐피탈', ' 팁스', ' 카카오벤처스']",코클,72
"['한국투자파트너스', ' 에스브이인베스트먼트']",세이션,40
"['네이버', ' D2SF', ' 매쉬업엔젤스']",사운드짐,105
"['기술보증기금', ' 케이디비인프라자산운용', ' 팁스', ' 스파크랩']",쿠엔즈버킷,72
['뉴플라이트'],디플리,1
['인포뱅크'],꿈많은청년들,1
['네이버'],스노우,15
"['엘비인베스트먼트', ' 디에스자산운용', ' 신한벤처투자', ' 본엔젤스벤처파트너스']",스터디맥스,96
['고위드'],유디아이디,1
"['에이치비인베스트먼트', ' 하이투자파트너스', ' 비에스케이인베스트먼트', ' 에이티유파트너스', ' 모비릭스파트너스', ' 엠더블유파트너스', ' 아이비케이기업은행', ' 아주아이비투자', ' 케이투인베스트먼트파트너스', ' 타임폴리오자산운용', ' 엔에이치투자증권', ' 한화자산운용', ' 스닉픽인베스트먼트', ' 아주아이비투자', ' 케이투인베스트먼트파트너스', ' 비엔에이치인베스트먼트', ' 신한은행', ' 엔에이치투자증권', ' 엘에스케이인베스트먼트', ' 스닉픽인베스트먼트', ' 다올인베스트먼트', ' 비엔에이치인베스트먼트', ' 신한투자증권', ' 타임폴리오자산운용']",코어라인소프트,38
"['비공개', ' 네이버클라우드', ' 아이비케이기업은행', ' 라이트하우스컴바인인베스트', ' 아주아이비투자', ' 현대투자파트너스', ' 한국산업은행', ' 안랩', ' 케이비인베스트먼트', ' 비공개', ' 안랩', ' 케이비인베스트먼트', ' 기술보증기금', ' 팁스']",아스트론시큐리티,99
"['카카오픽코마', ' 해시드', ' 티비티파트너스', ' 케이비인베스트먼트', ' 한화투자증권', ' 해시드', ' 팁스', ' 더인벤션랩']",보이스루,70
"['유비케어', ' 에이아이엔젤클럽', ' 팁스', ' 한국벤처투자', ' 에이아이엔젤클럽', ' 씨엔티테크']",원스글로벌,88
"['아이엠엠인베스트먼트', ' 아이엠엠인베스트먼트', ' 소프트뱅크비전펀드', ' 소프트뱅크벤처스']",아이유노글로벌,100
"['이스트소프트', ' 이지스자산운용', ' 멀티에셋자산운용', ' 삼성증권', ' 퓨처플레이', ' 케이디비캐피탈', ' 스마일게이트인베스트먼트']",라운즈,95
['메인스트리트인베스트먼트'],라이브러리컴퍼니,1
"['디에스자산운용', ' 신한캐피탈', ' 리딩투자증권', ' 밸류시스템자산운용', ' 에프앤에프파트너스', ' 컴투스', ' 키이스트', ' 케이비인베스트먼트', ' 미래에셋벤처투자', ' 다올인베스트먼트', ' 비공개', ' 글로벌브레인', ' 키이스트', ' 미래에셋벤처투자', ' 에스엘인베스트먼트', ' 다올인베스트먼트', ' 캐피탈원', ' 유안타증권', ' 한컴인베스트먼트', ' 컴투스', ' 에프앤에프파트너스', ' 케이비인베스트먼트', ' 에스엘인베스트먼트', ' 다올인베스트먼트', ' 아이디벤처스', ' 넥스트지인베스트먼트', ' 신한벤처투자']",와이낫미디어,146
"['헥사곤인베스트먼트컨설팅', ' 세르파벤처스', ' 팁스', ' 인포뱅크', ' 씨엔티테크', ' 프라이머']",앰프,163
"['디에스네트웍스', ' 타임웍스인베스트먼트', ' 한국산업은행']",그렉터,17
['버즈빌'],아바티,1
"['티인베스트먼트', ' 비엔케이벤처투자', ' 에버그린투자파트너스', ' 롯데벤처스', ' 메가존클라우드', ' 비공개투자자']",몬드리안에이아이,34
"['씨제이올리브영', ' 디엑스벤처스', ' 미래에셋캐피탈']",어뮤즈,17
"['에스케이이엔이스', ' 엔에이치엔', ' 히스토리벤처투자', ' 비공개투자자', ' 히스토리벤처투자', ' 코리아에셋투자증권', ' 에스케이네트웍스', ' 에이치비인베스트먼트', ' 넥센']",파킹클라우드,9
"['대신증권', ' 삼성증권', ' 파인밸류자산운용', ' 코리아에셋투자증권', ' 키움증권', ' 비공개', ' 마이퍼스트에셋', ' 보광창업투자', ' 엘앤에스벤처캐피털']",이에이트,9
"['팁스', ' 현대해상', ' 인사이트에퀴티파트너스', ' 더인벤션랩', ' 더인벤션랩', ' 인사이트에퀴티파트너스', ' 소풍벤처스']",모션랩스,76
"['코나벤처파트너스', ' 신용보증기금']",라이프페스타,61
"['비공개', ' 바이낸스', ' 위벤처스', ' 네이버', ' D2SF', ' 어니스트벤처스', ' 어센티아파이낸셜', ' 블록크래프터스', ' 비공개', ' 베이스인베스트먼트', ' 팁스', ' 퓨처플레이', ' 케이디비캐피탈']",나인코퍼레이션,138
"['와이컴비네이터', ' 세마인베스트먼트', ' 프라이머', ' 스트롱벤처스', ' 디캠프']",플라잉캣,226
"['한국산업은행', ' 에스제이투자파트너스', ' 베이스인베스트먼트', ' 엘지테크놀로지벤처스', ' 퀀텀벤처스코리아', ' 팁스', ' 엘앤에스벤처캐피털', ' 에스제이투자파트너스', ' 베이스인베스트먼트', ' 김기사랩']",알세미,33
"['하나금융지주', ' 나이스투자파트너스', ' 스마일게이트인베스트먼트', ' 케이티인베스트먼트', ' 신한캐피탈', ' 한국산업은행', ' 한국산업은행', ' 엘비인베스트먼트', ' 스마일게이트인베스트먼트', ' 더웰스인베스트먼트', ' 한국성장금융투자운용', ' 스틱벤처스', ' 한국투자파트너스', ' 스마일게이트인베스트먼트', ' 케이티인베스트먼트', ' 아이비케이기업은행', ' 스마일게이트인베스트먼트', ' 이노폴리스파트너스', ' 우리은행', ' 팁스', ' 신한투자증권', ' 신한금융그룹', ' 짐로저스']",파운트,256
['아모레퍼시픽'],코스알엑스,1
['엔씨소프트'],라이브커넥트,1
"['스프링캠프', ' 크릿벤처스', ' 스파크랩', ' 미래에셋벤처투자']",에이비제트,111
['코스닥공모'],에이치케이이노엔,1
"['인터베스트', ' 파트너스인베스트먼트', ' 비에스케이인베스트먼트', ' 삼호그린인베스트먼트', ' 원익투자파트너스', ' 인터베스트', ' 파트너스인베스트먼트', ' 비에스케이인베스트먼트', ' 엔브이씨파트너스', ' 펜처인베스트', ' 파트너스인베스트먼트', ' 비에스케이인베스트먼트', ' 팁스']",아이엠비디엑스,22
['브이아이지파트너스'],더스킨팩토리,1
"['메리츠증권', ' 코너스톤투자파트너스', ' 디에스앤파트너스', ' 신한투자증권', ' 대신증권', ' 디쓰리쥬빌리파트너스', ' 어니스트벤처스', ' 동아쏘시오홀딩스', ' 신한벤처투자', ' 에스제이투자파트너스', ' 스타셋인베스트먼트']",메디컬아이피,30
"['비공개', ' 에스엘엘중앙', ' 한국산업은행', ' 에스지에이스', ' 메리츠증권', ' 아이비케이기업은행', ' 헤이스팅스자산운용', ' 피앤아이인베스트먼트']",테이크원컴퍼니,36
"['인터베스트', ' 메리츠증권', ' 킹고투자파트너스', ' 엔에이치투자증권', ' 수인베스트먼트캐피탈', ' 메디치인베스트먼트', ' 에스케이가스', ' 비공개투자자']",그리드위즈,8
"['케이티인베스트먼트', ' 한화투자증권', ' 한국투자파트너스']",알고리즘랩스,41
"['아이비케이기업은행', ' 미래에셋벤처투자', ' 씨엔티테크', ' 한국사회투자', ' 팁스', ' 인포뱅크']",탱커펀드,107
"['한국벤처투자', ' 벤처스퀘어']",아이쿠카,45
"['브랜드엑스코퍼레이션', ' 한국거래소', ' 알펜루트자산운용', ' 넷마블', ' 엘비인베스트먼트', ' LEGEND', ' CAPITAL', ' 에스브이인베스트먼트']",하이브,36
"['원익투자파트너스', ' 미래에셋벤처투자', ' 케이투인베스트먼트파트너스', ' 스톤브릿지벤처스', ' 알리코제약', ' 비공개', ' 스톤브릿지벤처스', ' 엔에이치엔인베스트먼트', ' 팁스', ' 카이트창업가재단', ' 비공개', ' 엘비인베스트먼트']",리브스메드,82
"['한국투자파트너스', ' 스마일게이트인베스트먼트', ' 케이비인베스트먼트', ' 유티씨인베스트먼트', ' 케이티인베스트먼트', ' 비공개', ' 케이디비캐피탈', ' 케이비인베스트먼트', ' 비공개', ' 한국투자파트너스', ' 스마일게이트인베스트먼트']",마크베이스,179
"['엑센트리벤처스', ' 비공개개인투자자']",알파도,2
"['롯데벤처스', ' 아르케인베스트먼트']",엔피프틴,16
"['포스코기술투자', ' 케이티인베스트먼트', ' 비공개개인투자자']",페이민트,31
['에이치앤큐코리아파트너스'],십일번가,1
['시티랩스'],아일리스,1
"['비공개투자자', ' 프리미어파트너스', ' 캡스톤파트너스', ' 디에스자산운용', ' 디에스씨인베스트먼트', ' 인블록체인', ' 캡스톤파트너스', ' 디에스자산운용', ' 디에스씨인베스트먼트']",체인파트너스,85
['에코마케팅'],데일리앤코,1
['케이오인베스트먼트'],개념원리,1
"['스파크랩벤처스', ' 스파크랩']",위플래닛,61
"['한국산업은행', ' 현대자동차', ' 제로원', ' 엠와이소셜컴퍼니', ' 더웰스인베스트먼트', ' 선보엔젤파트너스', ' 팁스']",포어시스,32
"['한국성장금융투자운용', ' 아이비케이기업은행', ' 신한캐피탈', ' 티케이지벤처스', ' 지유투자', ' 비공개투자자', ' 팁스', ' 아이씨디', ' 블루포인트파트너스']",인투코어테크놀로지,91
"['케이비인베스트먼트', ' 케이투인베스트먼트파트너스', ' 씨제이인베스트먼트', ' 우리은행']",로그프레소,42
['펙투스컴퍼니'],프린트베이커리,1
"['아이비케이캐피탈', ' 파트너스인베스트먼트', ' 이앤투자파트너스', ' 파트너스인베스트먼트', ' 이에스인베스터', ' 엘앤에스벤처캐피털', ' 팁스', ' 매쉬업엔젤스']",업스테어스,76
"['벤처기업협회', ' 대경지역대학공동기술지주', ' 와디즈파트너스']",파워플레이어,12
['베지스타'],판다코퍼레이션,1
"['한국투자액셀러레이터', ' 아시아에프앤아이', ' 우미글로벌', ' 팁스', ' 고려대학교기술지주회사', ' 나눔엔젤스']",리코어,44
"['바이오플러스', ' 비공개투자자']",프로셀테라퓨틱스,2
"['대홍기획', ' 엘비인베스트먼트', ' 다담인베스트먼트', ' 신한은행', ' 하나은행', ' 대성창업투자', ' 포스코기술투자', ' 원익투자파트너스', ' 인터베스트', ' 삼성벤처투자', ' 프리미어파트너스', ' 스파크랩벤처스', ' 대성창업투자', ' 원익투자파트너스', ' 인터베스트', ' 삼성벤처투자', ' 스파크랩']",블로코,152
"['웹케시아이앤씨', ' 휴넷벤처스', ' 김기사랩', ' 장덕수', ' 컴패노이드랩스', ' 아톤', ' 마음캐피털그룹', ' 비공개투자자']",더밀크코리아,8
"['디에스자산운용', ' 유니온투자파트너스', ' 피앤피인베스트먼트', ' 오픈워터인베스트먼트', ' 넥스트지인베스트먼트', ' 윈베스트벤처투자', ' 오픈워터인베스트먼트', ' 넥스트지인베스트먼트', ' 코리아에셋투자증권', ' 윈베스트벤처투자', ' 아이플러스센터', ' 팁스', ' 인포뱅크', ' 넥스트지인베스트먼트', ' 한국벤처투자', ' 롯데벤처스', ' 컴퍼니비', ' 롯데벤처스']",에프앤에스홀딩스,69
"['소프트뱅크벤처스', ' 베이스인베스트먼트', ' 케이디비캐피탈', ' 한화투자증권', ' 유온인베스트먼트', ' 디에스자산운용', ' 롯데렌탈', ' 케이티인베스트먼트', ' 소프트뱅크벤처스', ' 한국산업은행', ' 케이디비캐피탈', ' 베이스인베스트먼트', ' 이앤벤처파트너스', ' 이에스인베스터', ' 한양증권', ' 위메이드트리', ' 비공개', ' 위메이드트리']",열매컴퍼니,124
"['비공개개인투자자', ' 스마일게이트인베스트먼트', ' 데일리파트너스', ' 알바트로스인베스트먼트', ' 프리미어파트너스', ' 데일리파트너스', ' 팁스', ' 퓨처플레이']",노을,105
"['마크앤컴퍼니', ' 윤민창의투자재단', ' 카이스트청년창업투자지주']",제이펀,3
"['신한캐피탈', ' 한국투자파트너스', ' 인터베스트', ' 파트너스인베스트먼트', ' 에스케이', ' 한미벤쳐스']",에비드넷,30
"['스트롱벤처스', ' 씨제이제일제당', ' 파텍파트너스', ' 매쉬업엔젤스', ' 스트롱벤처스']",이코니크,92
"['시티케이인베스트먼트', ' 오티엄캐피털', ' 씨티케이인베스트먼트', ' 오티엄캐피털', ' 케이비인베스트먼트']",띵굴,29
"['비공개', ' 500글로벌', ' 한국산업은행', ' 텍톤벤처스', ' 비에이파트너스', ' 이노벤캐피털', ' 퍼스트플로어캐피탈', ' 포스코기술투자', ' 미래에셋벤처투자', ' 텍톤벤처스', ' 체러빅벤처스', ' 500글로벌', ' 500글로벌', ' 본엔젤스벤처파트너스']",알테아,387
"['빈치인베스트', ' 지투지인베스트파트너스', ' 에스비파트너스', ' 디에스자산운용', ' 매쉬업엔젤스']",엠젯패밀리,64
"['수성자산운용', ' 브릿지폴인베스트먼트', ' 프리미어파트너스', ' 지란지교소프트']",모비젠,4
"['차이코퍼레이션', ' 고위드']",아임포트,2
"['팁스', ' 씨엔티테크', ' 롯데벤처스', ' 한국벤처투자', ' 더인벤션랩', ' 에이아이엔젤클럽', ' 더인벤션랩']",둥글,161
"['한국산업은행', ' 에스브이인베스트먼트', ' 티비티파트너스', ' 어센도벤처스', ' 소프트뱅크벤처스', ' 이에스인베스터', ' 캡스톤파트너스', ' 소프트뱅크벤처스', ' 매쉬업엔젤스', ' 코노랩스', ' 퍼블리카', ' 더벤처스']",웨딩북,255
"['다올인베스트먼트', ' 에스케이텔레콤', ' 캡스톤파트너스', ' 다올인베스트먼트', ' 디에스씨인베스트먼트', ' 스톤브릿지벤처스', ' 옐로모바일']",메이크어스,59
"['케이클라비스인베스트먼트', ' 빅뱅엔젤스']",닥프렌즈,31
"['유니레버', ' 베인캐피탈', ' 보광창업투자', ' 아이엠엠인베스트먼트', ' 신한벤처투자', ' 미래에셋벤처투자', ' 대경인베스트먼트']",카버코리아,59
"['잇츠한불', ' 비공개개인투자자', ' 뉴월드그룹']",잇츠한불,3
"['신한벤처투자', ' 미래에셋증권', ' 이수창업투자', ' 넥스트지인베스트먼트', ' 가이아벤처파트너스', ' 오픈워터인베스트먼트', ' 유니온투자파트너스', ' 넥스트지인베스트먼트', ' 인라이트벤처스']",케나즈,28
"['한국산업은행', ' 두산', ' 한국투자파트너스', ' 신한투자증권', ' 제피러스랩', ' 에스브이인베스트먼트', ' 미래에셋벤처투자', ' 한국투자파트너스', ' 소프트뱅크벤처스', ' 본엔젤스벤처파트너스', ' 엘비인베스트먼트', ' 게임체인저인베스트먼트', ' 파빌리온캐피탈', ' 미래에셋벤처투자', ' 한국산업은행', ' 한국투자파트너스', ' 엘비인베스트먼트', ' 엔에이치투자증권', ' 비공개투자자', ' 엘비인베스트먼트', ' 본엔젤스벤처파트너스', ' 미래에셋벤처투자', ' 비공개투자자']",세미파이브,393
['기타'],브라이튼코퍼레이션,1
"['한국수자원공사', ' 킹슬리벤처스', ' 한국벤처투자']",아드보,46
"['한국전자통신연구원', ' 한국과학기술지주', ' 에트리홀딩스']",코어무브먼트,3
"['빅뱅엔젤스', ' 유티씨인베스트먼트', ' 삼성엔지니어링', ' 신용보증기금', ' 빅뱅엔젤스']",지에스아이엘,122
['키친엑스'],요리반상회,1
"['카카오헬스케어', ' 인사이트에퀴티파트너스', ' 파트너스인베스트먼트', ' 카이트창업가재단', ' 카카오인베스트먼트', ' 팁스', ' 카이트창업가재단']",라인웍스,16
"['비공개', ' 네이버', ' D2SF', ' 비공개', ' 네이버', ' D2SF', ' 비공개', ' 엘지전자', ' 파트너스인베스트먼트', ' 비공개투자자', ' 비공개투자자', ' 팁스']",지이모션,107
"['케이투지투자펀드', ' 오티엄캐피털', ' 중소벤처기업진흥공단', ' 팁스', ' 스프링캠프']",어크로스비,43
"['프라이머사제파트너스', ' 크릿벤처스', ' 한세예스이십사파트너스', ' 블루포인트파트너스']",어이사컴퍼니,72
"['에이치비인베스트먼트', ' 엔에이치헤지자산운용', ' 유암코아이비케이금융그룹피이에프']",이스트시큐리티,3
"['스닉픽인베스트먼트', ' 하나금융지주', ' 디에스자산운용', ' 비전크리에이터', ' 인탑스인베스트먼트', ' 삼호그린인베스트먼트', ' 스닉픽인베스트먼트', ' 에이피에스코리아']",에이티센스,8
"['아주아이비투자', ' 스톤브릿지캐피탈']",구구스,2
"['한국산업은행', ' 비전자산운용', ' 비전벤처스']",리비콘,17
"['브이엔티지', ' 비에이파트너스', ' 신용보증기금']",유엔디,62
"['스트롱벤처스', ' 끌림벤처스', ' 가디언펀드', ' 본엔젤스벤처파트너스', ' 스트롱벤처스', ' 카카오인베스트먼트', ' 본엔젤스벤처파트너스']",심플리오,182
"['비공개개인투자자', ' 엠포드에쿼티파트너스', ' 하랑기술투자', ' 케이비증권', ' 메리츠증권', ' 신영증권', ' 한화투자증권', ' 쿨리지코너인베스트먼트', ' 엘비인베스트먼트', ' 아주아이비투자', ' 아주아이비투자', ' 엘비인베스트먼트', ' 코리아오메가투자금융', ' 아주아이비투자']",딥노이드,42
"['신한캐피탈', ' 신한투자증권', ' 네이버', ' 수인베스트먼트캐피탈', ' 케이디비캐피탈']",인성데이타,19
"['삼호그린인베스트먼트', ' 태일씨앤티', ' 비공개개인투자자', ' 반디컨소시아', ' 비공개투자자', ' 팁스', ' 한국벤처투자', ' 반디컨소시아', ' 카이스트청년창업투자지주']",위주,32
"['비지에프', ' 11번가', ' 에스케이플래닛', ' 지에스홈쇼핑', ' 패스트트랙아시아', ' 이종석', ' 소프트뱅크벤처스', ' 미래에셋벤처투자', ' 비공개', ' 패스트트랙아시아']",헬로네이처,68
"['한국투자증권', ' 디에스씨인베스트먼트', ' 스틱벤처스', ' 솔트룩스']",인피닉,23
"['아주아이비투자', ' 제이비인베스트먼트', ' 로그인베스트먼트', ' 한국성장금융투자운용', ' 에스텍파마', ' 한국투자증권', ' 아주아이비투자', ' 스마일게이트인베스트먼트', ' 제이비인베스트먼트']",휴런,38
"['중소벤처기업진흥공단', ' 엘앤에스벤처캐피털', ' 빅베이슨캐피탈', ' 신용보증기금', ' 빅베이슨캐피탈', ' 팁스']",마이크로시스템,74
"['데일리파트너스', ' 케이클라비스', ' 아주아이비투자', ' 에스엘인베스트먼트', ' 클라우드아이비인베스트먼트', ' 키움증권', ' 브레인자산운용', ' 아주아이비투자', ' 에스엘인베스트먼트', ' 데일리파트너스', ' 케이클라비스인베스트먼트', ' 데일리파트너스']",지아이셀,12
"['아주아이비투자', ' 엘비인베스트먼트', ' 디에스자산운용', ' 서울투자파트너스', ' 아이디벤처스', ' 알바트로스인베스트먼트', ' 하나벤처스', ' 유니온투자파트너스', ' 스마일게이트인베스트먼트', ' 포스코기술투자', ' 유한양행']",굳티셀,96
"['아모레퍼시픽', ' 현대홈쇼핑']",디퍼런트밀리언즈,2
"['컴퍼니비', ' 롯데벤처스']",클래스카드,16
"['비공개개인투자자', ' 케이티', ' 신한은행', ' 한국투자증권', ' 현대기술투자', ' 테크로스홀딩스', ' 현대비앤지스틸', ' 아이비케이캐피탈', ' 파트너스인베스트먼트', ' 자프코아시아']",솔트룩스,10
"['피에이치에이', ' 비공개투자자', ' 블루포인트파트너스', ' 팁스']",아이테드,72
['위벤처스'],디홀릭커머스,15
['린드먼아시아인베스트먼트'],에이프로젠,1
"['현대기술투자', ' 인터베스트', ' 에이치비인베스트먼트', ' 나우아이비캐피탈', ' 한국임팩트금융', ' 중소벤처기업진흥공단', ' 스마일게이트인베스트먼트', ' 인터베스트', ' 지앤텍벤처투자', ' 한국산업은행', ' 엠벤처투자', ' 스마일게이트인베스트먼트', ' 인터베스트', ' 소프트뱅크벤처스', ' 지앤텍벤처투자', ' 마젤란기술투자', ' 엠벤처투자', ' 소프트뱅크벤처스', ' 마젤란기술투자', ' 길의료재단', ' 엠벤처투자', ' 소프트뱅크벤처스', ' 마젤란기술투자', ' 서울투자파트너스', ' 마젤란기술투자']",힐세리온,214
"['크레디트스위스', ' 씨디아이비캐피탈인터내셔널']",엘앤피코스메틱,2
"['아이비케이기업은행', ' 에스비아이인베스트먼트', ' 보광창업투자', ' 아이디벤처스', ' 센트럴투자파트너스', ' 아이디어브릿지자산운용', ' 이노폴리스파트너스', ' 센트럴투자파트너스', ' 소프트뱅크벤처스']",팟빵,76
"['한국산업은행', ' 에이치비인베스트먼트', ' 신한캐피탈', ' 마이다스동아인베스트먼트', ' 솔본인베스트먼트']",터치웍스,19
"['대성창업투자', ' 스마일게이트인베스트먼트', ' 디에스자산운용', ' 뉴월드그룹']",얍컴퍼니,33
"['다올인베스트먼트', ' 대교인베스트먼트']",덱스터스튜디오,4
"['파트너스인베스트먼트', ' 유안타인베스트먼트', ' 에스비아이인베스트먼트', ' 대신증권', ' 중소벤처기업진흥공단']",케이넷츠,5
['에스더포뮬러'],비이케이컴퍼니,1
"['아토머스', ' 릴슨프라이빗에쿼티']",마음수업,2
"['지앤텍벤처투자', ' 데브시스터즈벤처스', ' 하나증권', ' 신용보증기금']",나우로보틱스,63
"['에프앤에스홀딩스', ' 넥스트지인베스트먼트', ' 로커스']",커팅엣지,3
"['타임폴리오자산운용', ' 한화투자증권', ' 신용보증기금', ' 필로소피아벤처스', ' 아이스퀘어벤처스', ' 신한캐피탈', ' 제이비벤처스']",케빈랩,66
"['더터닝포인트', ' 인비저닝파트너스', ' 케이티앤지', ' 신한자산운용', ' 에스케이에스프라이빗에쿼티', ' 하나증권', ' 한국성장금융투자운용', ' 케이티앤지', ' 비티씨인베스트먼트', ' 에스케이에스프라이빗에쿼티', ' 옐로우독', ' 이앤인베스트먼트', ' 비하이인베스트먼트', ' 엔에이치헤지자산운용', ' 인비저닝파트너스', ' 비공개투자자', ' 비공개투자자', ' 비공개투자자']",에이치투,18
['서울대학교기술지주'],디알드라이브,1
['에스케이증권'],비스토스,1
"['한국정보인증', ' 한미글로벌건축사사무소']",페어스퀘어랩,2
"['크립톤', ' 한국과학기술지주', ' 신한캐피탈', ' 소풍벤처스']",널위한문화예술,8
"['피스컬노트', ' 비공개투자자']",에이셀테크놀로지스,2
['오라이언자산운용'],우경정보기술,1
"['아이비케이캐피탈', ' 디에이밸류인베스트먼트', ' 케이비증권']",수퍼게이트,3
"['에이씨에이인베스트먼트', ' 다이와증권', ' 머스킷티어캐피털', ' 차이나켐그룹', ' 래디언트테크벤처스']",프리디소프트,5
"['컴투스', ' 위지윅스튜디오']",알비더블유,2
"['디에스씨인베스트먼트', ' 비엔케이벤처투자', ' 코오롱인베스트먼트', ' 퓨처플레이', ' 퓨처플레이', ' 신한캐피탈', ' 케이디비캐피탈', ' 팁스']",에이딘로보틱스,182
"['메이슨캐피탈', ' 삼성벤처투자', ' 엔코어벤처스', ' 얼머스인베스트먼트', ' 한양대학교기술지주회사', ' 팁스', ' 삼성벤처투자']",웰리시스,64
"['한국투자파트너스', ' 파라투스인베스트먼트', ' 비엔더블유인베스트먼트']",제이엘켐,27
"['에스브이인베스트먼트', ' 하나벤처스', ' 쿨리지코너인베스트먼트', ' 에스케이증권', ' 스트롱벤처스', ' 센트랄', ' 비공개', ' 프라이머', ' 패스트벤처스', ' 스트롱벤처스', ' 프라이머']",공업사스토어,274
"['비에이파트너스', ' 라구나인베스트먼트', ' 파인밸류자산운용', ' 엘엑스인베스트먼트', ' 비공개', ' 비에이파트너스', ' 라구나인베스트먼트', ' 팁스', ' 김기사랩']",브이드림,18
"['티비티파트너스', ' 화이트스타캐피탈', ' 솔리더스인베스트먼트', ' 라이트하우스컴바인인베스트', ' 뮤렉스파트너스', ' 화이트스타캐피탈', ' 뮤렉스파트너스']",하이메디,35
"['프리미어파트너스', ' 유티씨인베스트먼트', ' 네이버', ' D2SF', ' 블루포인트파트너스', ' 팁스']",모니터코퍼레이션,117
"['티인베스트먼트', ' 씨티케이인베스트먼트', ' 롯데벤처스', ' 이에스인베스터', ' 코오롱인베스트먼트', ' 포스코기술투자', ' 엘앤에스벤처캐피털', ' 슈미트', ' 제이비인베스트먼트', ' 디에스씨인베스트먼트', ' 팁스', ' 기아', ' 현대자동차']",폴레드,112
"['에스브이인베스트먼트', ' 유티씨인베스트먼트', ' 멀티에셋자산운용', ' 마크로젠', ' 유티씨인베스트먼트', ' 티그리스인베스트먼트', ' 브이플랫폼인베스트먼트', ' 라구나인베스트먼트', ' 유티씨인베스트먼트', ' 에스브이인베스트먼트', ' 제이비인베스트먼트', ' 케이디비캐피탈', ' 에스브이인베스트먼트', ' 세종벤처파트너스']",이뮨메드,56
"['키움인베스트먼트', ' 키움프라이빗에쿼티', ' 비공개', ' 에이티넘파트너스', ' 알토스벤처스', ' 오티엄캐피털']",알티스트,45
"['케이비인베스트먼트', ' 한국투자파트너스', ' 케이앤투자파트너스', ' 인라이트벤처스', ' 카카오모빌리티', ' 카카오인베스트먼트', ' 비공개개인투자자']",오토노머스에이투지,55
"['비공개투자자', ' 쿼드자산운용', ' 미래에셋캐피탈', ' 미래에셋벤처투자', ' 파트너스인베스트먼트', ' 에이아이엔젤클럽', ' 쿼드자산운용', ' 팁스', ' 한국벤처투자', ' 에이치지이니셔티브', ' 에이아이엔젤클럽', ' 비공개투자자']",메디픽셀,70
"['디에스자산운용', ' 엔에이치투자증권', ' 아이마켓코리아', ' 유한양행', ' 브레인자산운용', ' 에스케이', ' 제넥신', ' 유한양행', ' 비공개투자자', ' 아주아이비투자', ' 하나금융지주', ' 디에스자산운용', ' 케이클라비스인베스트먼트', ' 유한양행', ' 클라우드아이비인베스트먼트', ' 데일리파트너스', ' 데일리파트너스']",지아이이노베이션,17
['이노션월드와이드'],디퍼플,1
['스프링캠프'],딥트레이드,30
"['하이브', ' 위버스컴퍼니']",와이지플러스,2
['테크스타'],스마트마인드,90
"['비공개개인투자자', ' 비공개투자자', ' 비공개투자자']",티움바이오,3
"['코그넥스', ' 인터베스트', ' 소프트뱅크벤처스', ' 디에스자산운용', ' 스톤브릿지벤처스', ' 인탑스인베스트먼트', ' 인터베스트', ' 삼성벤처투자', ' 케이티인베스트먼트', ' 스톤브릿지벤처스', ' 인터베스트', ' 스톤브릿지벤처스', ' 스프링캠프', ' 팁스', ' 서울대학교기술지주']",코그넥스코리아,172
['쿨리지코너인베스트먼트'],에이치이공일,1
"['아이비케이기업은행', ' 신용보증기금', ' 한국산업기술대학교기술지주회사']",링크솔루션,76
['신용보증기금'],비에이에너지,60
"['베이스인베스트먼트', ' 알펜루트자산운용', ' 아이비케이기업은행', ' 한국투자파트너스', ' 캡스톤파트너스', ' 다올인베스트먼트', ' 센트럴투자파트너스']",아이엔지스토리,64
"['기타', ' 텐센트']",넷마블,2
"['엘지유플러스', ' 퀀텀스트레티직파트너스', ' 삼성벤처투자', ' 엘앤에스벤처캐피털', ' 스톤브릿지벤처스', ' 포메이션8']",인코어드테크놀로지스,53
"['디에스자산운용', ' 하나증권', ' 하이투자증권', ' 에이치지이니셔티브', ' 에스더블유인베스트먼트', ' 원티드랩파트너스', ' 한국투자증권', ' 신한투자증권']",한양로보틱스,10
"['위벤처스', ' 디에이밸류인베스트먼트', ' 기술보증기금', ' 선보엔젤파트너스', ' 팁스']",사피엔반도체,28
"['와이앤아처', ' 스트롱벤처스', ' 뉴패러다임인베스트먼트', ' 씨엔티테크', ' 씨엔티테크', ' 뉴패러다임인베스트먼트', ' 스트롱벤처스', ' 프라이머']",아트라미,245
['산돌메타랩'],비비트리,1
"['코오롱인베스트먼트', ' 세마인베스트먼트', ' 데일리파트너스', ' 휴온스', ' 소리에스비', ' 아이센스', ' 코오롱인베스트먼트']",지투이,35
"['에스비아이인베스트먼트', ' 비엔케이벤처투자', ' 이노폴리스파트너스', ' 아이피에스벤처스', ' 우리금융지주', ' 에스비아이인베스트먼트', ' 비엔케이벤처투자']",메디웨일,35
"['더웰스인베스트먼트', ' 클레어보이언트벤처스', ' 얼머스인베스트먼트', ' 메디치인베스트먼트', ' 한국산업은행', ' 우미건설', ' 파트너스인베스트먼트', ' 유니온투자파트너스', ' 한국벤처투자', ' 비공개투자자', ' 비공개투자자']",애니펜,39
['씨엔티테크'],메이크웍스커뮤니케이션,60
"['키움인베스트먼트', ' 다날투자파트너스', ' 케이비인베스트먼트', ' 에스엘인베스트먼트', ' 동문파트너즈', ' 아주아이비투자', ' 마젤란기술투자', ' 킹고투자파트너스', ' 본엔젤스벤처파트너스', ' 팁스']",피플앤드테크놀러지,102
"['한국투자증권', ' 한국투자파트너스', ' 비공개투자자', ' 아이비케이기업은행']",효진오토테크,42
"['타임폴리오자산운용', ' 스틱벤처스', ' 페블즈자산운용', ' 엠더블유앤컴퍼니']",기가비스,4
"['프렌드투자파트너스', ' 라이프코어파트너스', ' 한국투자증권', ' 에이치앤케이벤처스', ' 대웅제약', ' 교보생명보험', ' 레이', ' 라이프코어파트너스', ' 흥국증권', ' 프렌드투자파트너스', ' H&K', ' 비공개투자자', ' 라이프코어파트너스', ' 티그리스인베스트먼트', ' 비공개투자자']",씨어스테크놀로지,15
"['컴퍼니케이파트너스', ' 크릿벤처스', ' 에스디비인베스트먼트', ' 퀀텀벤처스코리아', ' 끌림벤처스', ' 팁스', ' 끌림벤처스']",파인더스에이아이,74
"['비공개개인투자자', ' 시그넷이브이', ' 비공개투자자', ' 미래에셋벤처투자', ' 케이앤투자파트너스', ' 인터베스트', ' 에스브이인베스트먼트', ' 앤씨앤', ' 에스브이인베스트먼트', ' 케이앤투자파트너스', ' 앤씨앤', ' 인터베스트']",넥스트칩,59
"['한국산업은행', ' 포스코기술투자', ' 코나인베스트먼트', ' 미래과학기술지주', ' 쿨리지코너인베스트먼트', ' 팁스', ' 쿨리지코너인베스트먼트']",키나바,44
"['포스코기술투자', ' 비엔에이치인베스트먼트', ' 포스코기술투자', ' 마젤란기술투자', ' 비엔에이치인베스트먼트', ' 기술보증기금']",헥사휴먼케어,34
"['키움인베스트먼트', ' 신한벤처투자', ' 엔에이치투자증권', ' 광동제약', ' 펜처인베스트', ' 비공개', ' 스파크랩', ' 크립톤', ' 크립톤', ' 블루포인트파트너스', ' 팁스']",쿼드메디슨,161
"['한국산업은행', ' 포스코기술투자', ' 티에스인베스트먼트', ' 에스케이증권', ' 한국투자증권', ' 아이비케이기업은행', ' 흥국증권', ' 지노바인베스트먼트', ' 메타인베스트먼트', ' 한국산업은행', ' 티에스인베스트먼트', ' 케이클라비스인베스트먼트', ' 유한양행', ' 메디톡스벤처투자', ' 포스코기술투자', ' 티에스인베스트먼트', ' 다올인베스트먼트', ' 새한창업투자', ' 스타셋인베스트먼트', ' 원익투자파트너스', ' 이노폴리스파트너스', ' 비공개투자자', ' 팁스']",아밀로이드솔루션,102
"['젠스타파트너스', ' 성홍', ' 성홍', ' 비공개투자자']",엔엑스테크놀로지,4
"['팁스', ' 뉴패러다임인베스트먼트', ' 넥스트드림엔젤클럽', ' 넥스트드림엔젤클럽']",이매지니어스,13
['엔시스'],갑진,1
"['데일리파트너스', ' 아이엠엠인베스트먼트', ' 에스비아이인베스트먼트', ' 엘에스케이인베스트먼트', ' 이앤벤처파트너스', ' 스마일게이트인베스트먼트', ' 퀀텀벤처스코리아', ' 스틱인베스트먼트', ' 위드윈인베스트먼트', ' 엔에이치투자증권', ' 지에스', ' 종근당', ' 종근당홀딩스', ' 아이엠엠인베스트먼트', ' 에스비아이인베스트먼트', ' 종근당홀딩스', ' 데일리파트너스', ' 데일리파트너스', ' 팁스', ' 카이트창업가재단']",바이오오케스트라,86
['금호전기'],에이릭앤컴퍼니,1
"['씨제이제일제당', ' 알리코제약']",씨드모젠,2
['아이스퀘어벤처스'],비즈데이터,1
"['오티엄캐피털', ' 쿼드자산운용', ' 유티씨인베스트먼트']",크리에이츠,3
"['하나벤처스', ' 현대투자파트너스', ' 삼호그린인베스트먼트', ' 에스티캐피탈', ' 한국산업은행', ' 미래에셋캐피탈', ' 에이치비인베스트먼트', ' 아이디벤처스', ' 엠벤처투자']",셀비온,65
"['라쿠텐벤처스', ' 라쿠텐벤처스', ' 라쿠텐벤처스']",이스트몹,3
"['케이넷투자파트너스', ' 패스파인더에이치', ' 케이그라운드벤처스', ' 세진메탈', ' 서울산업진흥원', ' 한국청년기업가정신재단', ' 마그나인베스트먼트', ' 팁스', ' 고려대학교기술지주회사']",엔도로보틱스,61
"['롯데정보통신', ' 오케스트라어드바이저스코리아', ' 비공개', ' 오오키무선전기']",칼리버스,4
"['스톤브릿지벤처스', ' 아이엠엠인베스트먼트', ' 키움캐피탈', ' 이음프라이빗에퀴티', ' 에이치비인베스트먼트', ' 포워드에퀴티파트너스', ' 타임폴리오자산운용', ' 흥국증권', ' 라이프코어파트너스']",스카이테라퓨틱스,37
"['팁스', ' 캡스톤파트너스', ' 비공개개인투자자']",스트럼코리아,31
"['유티씨인베스트먼트', ' 메디치인베스트먼트', ' 플래티넘기술투자', ' 코메스인베스트먼트', ' 엔에이치투자증권', ' 케이디비캐피탈', ' 프렌드투자파트너스', ' 이베스트투자증권', ' 에스엘인베스트먼트', ' 유티씨인베스트먼트', ' 플래티넘기술투자', ' 비엔케이벤처투자', ' 메디치인베스트먼트', ' 코메스인베스트먼트', ' 수인베스트먼트캐피탈', ' 얼머스인베스트먼트', ' 플래티넘기술투자', ' 비엔케이벤처투자', ' 코메스인베스트먼트', ' 팁스', ' 쿨리지코너인베스트먼트']",넥셀,58
"['비공개', ' 대웅제약', ' 스마일게이트인베스트먼트', ' 지앤텍벤처투자', ' 마그나인베스트먼트', ' 아이디벤처스', ' 에스엠시노기술투자', ' 우신벤처투자', ' 이베스트투자증권', ' 하나금융지주', ' 한빛인베스트먼트', ' 나우아이비캐피탈', ' 비전크리에이터', ' 케이디비캐피탈', ' 케이비증권', ' 스마일게이트인베스트먼트', ' 아이디벤처스', ' 팁스', ' 킹슬리벤처스']",온코크로스,172
"['네이버웹툰', ' 케이비인베스트먼트', ' 본엔젤스벤처파트너스', ' 에스오에스벤처스', ' 디지털엔터테인먼트벤처스', ' 비공개', ' 본엔젤스벤처파트너스', ' 비공개', ' 에스오에스벤처스', ' 비공개', ' 디지털엔터테인먼트벤처스']",콘텐츠퍼스트,153
"['프라이머', ' 엘오티베큠', ' 팁스', ' 에이치지이니셔티브']",플코스킨,104
"['삼성벤처투자', ' 케이티인베스트먼트', ' 케이비인베스트먼트', ' 네이버', ' D2SF', ' 인포뱅크', ' 팁스']",큐에스택,121
['매쉬업엔젤스'],넷록스,60
"['비공개투자자', ' 에이펙스에쿼티파트너스', ' 비공개투자자']",엔에스스튜디오,3
"['우리홈쇼핑', ' 롯데벤처스', ' 바이어스도르프', ' 비공개', ' 바이어스도르프', ' 파트너스인베스트먼트', ' 팁스', ' 매쉬업엔젤스', ' 프라이머']",라이클,180
"['한국산업은행', ' 엘비인베스트먼트', ' 스톤브릿지벤처스', ' 인터베스트', ' 화인자산운용', ' 비공개', ' 블루포인트파트너스', ' 팁스', ' 한밭엔젤클럽']",씨앤테크,119
"['로앤컴퍼니', ' 팁스', ' 스프링캠프', ' 비공개투자자', ' 쿨리지코너인베스트먼트', ' 카카오벤처스']",텍스트팩토리,73
"['케일럼', ' 카카오', ' 에스브이인베스트먼트', ' 하나금융지주', ' 아이비케이캐피탈', ' 신한캐피탈', ' 인탑스', ' 마젤란기술투자']",키위플러스,22
"['지씨케어', ' 시냅틱인베스트먼트', ' 카카오인베스트먼트', ' 에스케이케미칼']",유비케어,4
"['한국카앤라이프', ' 케이비캐피탈', ' 지앤텍벤처투자', ' 쿨리지코너인베스트먼트', ' 디에스씨인베스트먼트', ' 어니스트벤처스']",웨이버스,25
"['마인즈랩', ' 에스제이투자파트너스']",레드타이,2
"['네이버', ' D2SF', ' 엘앤에스벤처캐피털', ' 디에스씨인베스트먼트', ' 슈미트', ' 서울산업진흥원', ' 본엔젤스벤처파트너스', ' 디캠프', ' 프라이머']",모두의셔틀,271
['에스케이텔레콤'],피네이션,1
"['에스비아이인베스트먼트', ' 키움인베스트먼트', ' 디에스자산운용', ' 위메이드', ' 대신증권', ' 미래에셋증권', ' 알펜루트자산운용', ' 레이니어파트너스', ' 비공개투자자']",엔드림,9
"['엠벤처투자', ' 엔에이치엔인베스트먼트', ' 스마일게이트인베스트먼트', ' 자프코아시아']",큐라코,33
"['에스케이플래닛', ' 팁스', ' 퓨처플레이']",텐큐브,71
['소프트뱅크벤처스'],콘버스,40
['엔씨소프트'],케이지이니시스,1
"['비공개투자자', ' 비공개투자자']",청담러닝,2
['nan'],모인,1
"['다담인베스트먼트', ' 인터밸류파트너스', ' 에스제이투자파트너스', ' 아이비케이기업은행', ' 삼성증권', ' 타임폴리오자산운용', ' 비하이인베스트먼트', ' 인터밸류파트너스', ' 에스제이투자파트너스', ' 신용보증기금', ' 에트리홀딩스', ' 한국과학기술지주', ' 팁스']",딥인스펙션,95
['씨엔티테크'],엔모션,60
"['신한캐피탈', ' 한솔홀딩스', ' 블루포인트파트너스', ' 연세대학교기술지주', ' 팁스', ' 스파크랩', ' 스파크랩']",알트에이,193
"['딜러타이어', ' 팁스', ' 프라이머']",인스유틸,101
"['메타버스유니콘즈', ' 1호', ' 더인벤션랩', ' 넥스트드림엔젤클럽']",스콘,33
"['롯데벤처스', ' 퓨처플레이', ' 나이스그룹', ' 팁스', ' 나이스투자파트너스', ' 나이스디더블유알', ' 롯데벤처스', ' 지스트엔젤클럽', ' 전남대학교기술지주회사', ' 슈미트']",클라우드스톤,135
"['키움인베스트먼트', ' 에스투엘파트너스', ' 디에이밸류인베스트먼트', ' 이수창업투자', ' 인터베스트', ' 와이지인베스트먼트', ' 한국산업은행', ' 미래에셋벤처투자', ' 우아한형제들']",단꿈아이,42
"['팁스', ' 씨엔티테크', ' 페이스메이커스']",바틀,71
['인스타페이'],루왁코리아,1
"['나이스그룹', ' 신용보증기금']",알고랩,61
['제이스톰'],스타트아트코리아,1
"['스톤브릿지벤처스', ' 디에스씨인베스트먼트', ' 미래에셋증권', ' 레오파트너스인베스트먼트', ' 한국과학기술지주', ' 하이투자파트너스']",보라스카이,39
"['비공개', ' 케이비증권', ' 롯데벤처스', ' 크림', ' 케이비증권', ' 롯데벤처스']",체카,34
"['비공개투자자', ' 비공개투자자']",브이씨,2
"['한국산업은행', ' 한국투자파트너스', ' 미코세라믹스', ' 케이투인베스트먼트파트너스', ' 머스트벤처스', ' 비공개투자자']",코마테크놀로지,44
"['지유투자', ' 몰렉스벤처스', ' 삼성증권', ' 신한캐피탈', ' 티그리스인베스트먼트', ' 케이투인베스트먼트파트너스', ' 코리아오메가투자금융', ' 타임폴리오자산운용', ' 노틸러스벤처파트너스', ' 퀀텀벤처스코리아', ' 월든인터내셔널', ' 타임폴리오자산운용', ' 퀀텀벤처스코리아', ' 지유투자', ' 대덕벤처파트너스', ' 미래과학기술지주', ' 해외비공개개인투자자', ' 월든인터내셔널', ' 노틸러스벤처파트너스']",포인투테크놀로지,28
['헥토파이낸셜'],코드에프,1
"['한국산업은행', ' 하나벤처스', ' 코오롱글로텍', ' 비엔케이벤처투자', ' 포스코기술투자', ' 하이투자파트너스', ' 신용보증기금', ' 하이투자파트너스', ' 티인베스트먼트', ' 비엔케이벤처투자', ' 케이런벤처스', ' 포스코기술투자']",나라스페이스테크놀로지,155
"['엘비인베스트먼트', ' 한국투자파트너스', ' 유안타인베스트먼트', ' 로그인베스트먼트', ' 대성창업투자', ' 씨제이인베스트먼트', ' 한국투자파트너스', ' 아주아이비투자', ' 대성창업투자']",어비스컴퍼니,85
"['빅인사이트', ' 팁스', ' 김기사랩', ' 베이스인베스트먼트', ' 더인벤션랩']",태거스,43
['네오위즈'],하이디어,1
"['다산벤처스', ' 마젤란기술투자', ' 티인베스트먼트']",더쎄를라잇브루잉,3
"['현대자동차', ' 인포뱅크', ' 엠와이소셜컴퍼니']",이모티브,5
['노랑풍선'],위시빈,1
"['포스코기술투자', ' 스마일게이트인베스트먼트', ' 비공개투자자', ' 비에스케이인베스트먼트', ' 코리아에셋투자증권', ' 코리아에셋투자증권', ' 포항공과대학교기술지주', ' 팁스']",마이다스에이치앤티,69
['넵튠'],맘모식스,1
['에이치투오호스피탈리티'],리플레이스,1
"['코스맥스', ' 시그나이트파트너스', ' 스톤브릿지벤처스', ' 파크샤테크놀로지캐피탈']",비팩토리,18
"['비공개', ' 호반건설', ' 빅베이슨캐피탈', ' 스마트스터디벤처스', ' 한국벤처투자', ' 하우인베스트먼트', ' 에이아이엔젤클럽', ' 한국벤처투자', ' 에이아이엔젤클럽']",워커맨,37
['글로본'],그린사이언스,1
"['엠포드에쿼티파트너스', ' 디비금융투자', ' 팁스', ' 벤처스퀘어']",에이조스바이오,42
"['씨엔티테크', ' 비공개개인투자자']",네오오토,61
"['데일리파트너스', ' 씨케이디창업투자', ' 아이비케이캐피탈', ' 롯데벤처스', ' 고려대학교기술지주회사', ' 전북지역대학연합기술지주회사', ' 팁스', ' 에트리홀딩스']",큐라움,31
"['네이버', ' 스마일게이트인베스트먼트', ' 스마일게이트인베스트먼트', ' 메리츠증권', ' 티그리스인베스트먼트']",자이언트스텝,77
"['에스케이', ' 스톤브릿지캐피탈']",클루커스,2
"['한국산업은행', ' 에이벤처스', ' 엔에이치엔인베스트먼트', ' 비공개투자자', ' 케이런벤처스', ' 팁스']",아이메디신,43
"['포스코홀딩스', ' 팁스']",오즈세파,11
"['한국산업은행', ' 에이티넘인베스트먼트', ' 씨제이인베스트먼트', ' 컴퍼니케이파트너스', ' 파인밸류자산운용', ' 대신증권', ' 에셋원자산운용', ' 스톤브릿지벤처스', ' 삼성증권', ' 쿼드자산운용', ' 프로디지인베스트먼트', ' 씨제이인베스트먼트', ' 씨제이제일제당', ' 에이티넘인베스트먼트', ' 컴퍼니케이파트너스', ' 스톤브릿지벤처스', ' 씨케이디창업투자']",고바이오랩,115
"['아이비케이기업은행', ' 더웰스인베스트먼트', ' 인터밸류파트너스', ' 엠와이소셜컴퍼니', ' 비공개개인투자자']",위대한상사,21
"['일동제약', ' 유티씨인베스트먼트', ' 아이엠엠인베스트먼트', ' 에스엘인베스트먼트', ' 나우아이비캐피탈', ' 디에스씨인베스트먼트', ' 피앤아이인베스트먼트', ' 케이런벤처스', ' 비공개', ' 한국벤처투자', ' 케이티', ' 젠큐릭스']",엔젠바이오,59
"['500글로벌', ' 비공개개인투자자', ' 비공개투자자']",하품리빙랩,92
"['미래에셋벤처투자', ' 지앤텍벤처투자', ' 카카오벤처스', ' 옐로우독', ' 미래에셋캐피탈', ' 지앤텍벤처투자', ' 팁스', ' 카카오벤처스', ' 에이치지이니셔티브', ' 더시드인베스트먼트', ' 미래과학기술지주']",닥터키친,113
"['크립톤', ' 크립톤']",마리몬드,6
"['케이비인베스트먼트', ' 블루포인트파트너스', ' 기술보증기금', ' 인텔렉추얼디스커버리', ' 블루포인트파트너스', ' 팁스']",쉘파스페이스,157
['로레알'],난다,1
['포스코기술투자'],시지온,15
"['중소벤처기업진흥공단', ' 어니스트벤처스', ' 팁스', ' 더존홀딩스']",지오비전,13
"['에스엘바이젠', ' 디에이밸류인베스트먼트', ' 케이브릿지인베스트먼트', ' 이노폴리스파트너스', ' 디에스앤파트너스', ' 디에스자산운용', ' 안다자산운용', ' 펜처인베스트']",로제타엑소좀,8
['스마트스코어'],캠제스타임코리아,1
"['씨엔티테크', ' 액트너랩']",모쓰,61
"['엘비인베스트먼트', ' 카카오벤처스', ' 엘앤에스벤처캐피탈', ' 카카오벤처스', ' 팁스']",바움디자인시스템즈,86
"['다올인베스트먼트', ' 코오롱인베스트먼트', ' 퀀텀벤처스코리아', ' 이앤벤처파트너스', ' 원익투자파트너스', ' 에스비아이인베스트먼트', ' 다올인베스트먼트', ' 코오롱인베스트먼트', ' 이앤벤처파트너스', ' 퀀텀벤처스코리아', ' 비엔에이치인베스트먼트', ' 에트리홀딩스', ' 아주아이비투자', ' 기술보증기금', ' 비엔에이치인베스트먼트']",바이오센스텍,43
"['넵튠', ' 네오위즈', ' 카카오게임즈', ' 스마일게이트인베스트먼트', ' 티에스인베스트먼트', ' 카카오게임즈']",애드엑스,35
"['지니뮤직', ' 팁스', ' 카이스트청년창업투자지주', ' 블랙마운틴벤처스', ' 오지큐']",주스,14
"['비공개투자자', ' 에이치비인베스트먼트', ' 위벤처스', ' 엔에이치헤지자산운용', ' 엔에이치투자증권', ' 코오롱인베스트먼트', ' 컴퍼니케이파트너스', ' 인터베스트', ' 컴퍼니케이파트너스']",루미르,37
"['라구나인베스트먼트', ' 유티씨인베스트먼트', ' 포스코기술투자', ' 피앤아이인베스트먼트', ' 제이비인베스트먼트', ' 삼성벤처투자', ' 마젤란기술투자', ' 케이런벤처스', ' 마젤란기술투자']",브로틴,47
"['비에스케이인베스트먼트', ' 신한투자증권', ' 하나증권']",백퍼센트,3
['이아이디'],래빗워크,1
"['라운지랩', ' 크립톤']",라운지엑스,4
"['휴넷', ' 휴넷벤처스', ' 팁스', ' 포스코기술투자', ' 서울산업진흥원']",휴넷모두의코딩,42
['와이낫미디어'],더그레이트쇼,1
"['한림제약', ' 와이앤아처', ' 씨케이디창업투자', ' 와이앤아처', ' 한림제약']",루다큐어,9
"['케이비인베스트먼트', ' 위벤처스', ' 네이버제트', ' 스트롱벤처스', ' 스트롱벤처스', ' 팁스', ' 프라이머']",트라이폴리곤,171
"['위메이드이노베이션', ' 코스닥공모']",썸에이지,2
"['마그나인베스트먼트', ' 액시스인베스트먼트', ' 동문파트너즈', ' 중소기업청', ' 비공개투자자']",레드테이블,34
['신세계'],서울옥션,1
"['비공개투자자', ' 한국산업은행', ' 아이비케이기업은행', ' 포스코기술투자', ' 신한벤처투자', ' 서울투자파트너스', ' 대덕벤처파트너스']",비트나인,77
"['에스비아이인베스트먼트', ' 라구나인베스트먼트', ' 기술보증기금', ' 비공개개인투자자', ' 팁스', ' 카카오벤처스', ' 스파크랩']",엑소시스템즈,104
"['스닉픽인베스트먼트', ' 케이비인베스트먼트', ' 컴퍼니케이파트너스', ' 퀀텀벤처스코리아', ' 쿼드자산운용', ' 에스케이케미칼', ' 아주아이비투자', ' 다올인베스트먼트', ' 미래에셋벤처투자', ' 르네상스자산운용', ' 다올인베스트먼트', ' 파트너스인베스트먼트', ' 비엔에이치인베스트먼트', ' 코오롱인베스트먼트', ' 아주아이비투자', ' 타임폴리오자산운용', ' 블루코너', ' 안국약품', ' 기술보증기금', ' 비엔에이치인베스트먼트', ' 엘에스케이인베스트먼트']",제이투에이치바이오텍,78
['소셜빈'],와일드캣,1
"['엘앤에스벤처캐피털', ' 삼호그린인베스트먼트']",바이오닉스,2
"['브릿지폴인베스트먼트', ' 수성자산운용', ' 송현인베스트먼트']",트리노테크놀로지,3
"['제이에이치엘캐피탈코리아', ' 요즈마그룹코리아', ' 벤처스퀘어']",퍼블리시,32
['마그나인베스트먼트'],발트루스트,30
"['나이스투자파트너스', ' 씨엔티테크', ' 팁스', ' 아모레퍼시픽', ' 퓨처플레이']",버츄어라이브,132
['디지털헬스케어파트너스'],널스노트,30
"['팁스', ' 포항공과대학교기술지주']",지브레인,20
"['두나무앤파트너스', ' 뮤렉스파트너스', ' 넵튠', ' 넵튠', ' 티에스인베스트먼트', ' 파트너스인베스트먼트', ' 카카오벤처스', ' 파트너스인베스트먼트', ' 카카오벤처스']",스틸에잇,100
"['컴퍼니케이파트너스', ' 한국투자증권', ' 헤이스팅스자산운용', ' 한국거래소', ' 대성창업투자', ' 스톤브릿지벤처스', ' 컴퍼니케이파트너스', ' 디에스씨인베스트먼트', ' 한국투자증권', ' 신한투자증권', ' 엔에이치투자증권', ' 헤이스팅스자산운용', ' 소리에스비', ' 에스비아이인베스트먼트', ' 현대기술투자', ' 디에스씨인베스트먼트', ' 에스비아이인베스트먼트', ' 디에스씨인베스트먼트', ' 세종벤처파트너스', ' 컴퍼니케이파트너스', ' 디에스씨인베스트먼트', ' 포스코기술투자']",네오펙트,126
"['한국투자파트너스', ' 하나금융지주', ' 유안타인베스트먼트', ' 지앤텍벤처투자', ' 스틱벤처스', ' 한국투자파트너스']",투게더앱스,54
"['코스닥공모', ' 수성자산운용', ' 디에스자산운용', ' 알펜루트자산운용', ' 뉴플라이트', ' 쿼드자산운용', ' 스마일게이트인베스트먼트', ' 피티알자산운용', ' 하나금융지주', ' 코메스인베스트먼트', ' 아이엠엠인베스트먼트', ' 한국투자파트너스', ' 디에스씨인베스트먼트', ' 엔에스인베스트먼트', ' 한국투자증권', ' 한국투자파트너스', ' 디에스씨인베스트먼트']",에이비엘바이오,146
"['에스엠시노기술투자', ' 지앤텍벤처투자', ' 한국투자파트너스', ' 비에스케이인베스트먼트', ' 에이치비인베스트먼트', ' 포스코기술투자', ' 아이디벤처스', ' 지앤텍벤처투자', ' 키움인베스트먼트']",압타머사이언스,61
"['마젤란기술투자', ' 동훈인베스트먼트', ' 동훈인베스트먼트', ' 컴퍼니케이파트너스', ' 비공개투자자']",넥스트키친,5
"['한국투자파트너스', ' 케이디비캐피탈', ' 씨제이인베스트먼트', ' 신한벤처투자', ' 파트너스인베스트먼트', ' 아이디어브릿지자산운용', ' 한국거래소', ' 케이비인베스트먼트', ' 포스코기술투자', ' 파트너스인베스트먼트', ' 이노폴리스파트너스', ' 대교인베스트먼트']",젠큐릭스,109
"['비공개', ' 비케이인베스트먼트', ' 스톤브릿지벤처스', ' 비공개', ' 한국투자증권', ' 지에스홈쇼핑', ' 포스코기술투자', ' 비케이인베스트먼트']",제로웹,36
"['팁스', ' 씨엔티테크']",어거스트텐,70
['카카오벤처스'],애플파이스튜디오,30
['아프리카티비'],파이브앤식스,1
"['롯데바이오로직스', ' 안국약품', ' 아이엠엠인베스트먼트', ' 스틱벤처스', ' 아이온자산운용', ' 얼머스인베스트먼트', ' 퀀텀벤처스코리아', ' 케이비증권', ' 스톤브릿지벤처스', ' 케이비인베스트먼트', ' 더시드인베스트먼트', ' 파트너스인베스트먼트', ' 미래에셋벤처투자', ' 컴퍼니케이파트너스', ' 미래에셋벤처투자', ' 컴퍼니케이파트너스']",피노바이오,106
['대상펫라이프'],위드공감,1
['비공개투자자'],에이치제이웨이브,1
"['글루가', ' 브랜드엑스코퍼레이션', ' 컴퍼니케이파트너스', ' 비공개', ' 베이스인베스트먼트']",젤라또랩,5
"['펄어비스캐피탈', ' 데일리파트너스', ' 코리아오메가투자금융', ' 마그나인베스트먼트', ' 하나증권', ' 유안타증권', ' 스마일게이트인베스트먼트', ' 제넥신', ' 지아이이노베이션', ' 케이클라비스자산운용', ' 비공개투자자', ' 데일리파트너스', ' 코리아오메가투자금융', ' 스마일게이트인베스트먼트', ' 미래에셋증권', ' 디에스자산운용', ' 위드윈인베스트먼트', ' 인터베스트', ' 비공개투자자', ' 미래에셋증권', ' 코리아오메가투자금융']",와이바이오로직스,108
"['뉴패러다임인베스트먼트', ' 넥스트드림엔젤클럽', ' 어썸벤처스', ' 블루포인트파트너스']",트리팜,63
['피유엠피'],오랜지랩,1
"['에이치비인베스트먼트', ' 서울투자파트너스', ' 미래에셋벤처투자', ' 흥국증권', ' 디케이투자파트너스', ' 아이디어브릿지파트너스', ' 로그인베스트먼트', ' 제이비인베스트먼트', ' 씨케이디창업투자', ' 한국벤처투자', ' 마그나인베스트먼트', ' 서울투자파트너스', ' 삼호그린인베스트먼트', ' 어니스트벤처스', ' 현대기술투자', ' 라이트하우스컴바인인베스트']",인핸스드바이오,78
"['에이치비인베스트먼트', ' 파트너스인베스트먼트', ' 에스투엘파트너스', ' 에스비파트너스', ' 제트벤처캐피탈', ' 엔에이치투자증권', ' 파트너스인베스트먼트', ' 이에스인베스터', ' 에이치비인베스트먼트', ' 에스비파트너스', ' 팁스', ' 본엔젤스벤처파트너스', ' 케이브릿지인베스트먼트']",쉐어트리츠,81
"['아이비케이캐피탈', ' 비하이인베스트먼트', ' 비공개투자자']",센트럴바이오,3
"['아이비케이캐피탈', ' 케이스톤파트너스', ' 스케일업파트너스', ' 탭엔젤파트너스', ' 디에이밸류인베스트먼트', ' 네이버클라우드']",휴니버스글로벌,8
[''],루이웍스미디어,1
"['비엘팜텍', ' 동국생명과학']",멜라니스,2
"['마그나인베스트먼트', ' 프렌드투자파트너스', ' 프리미어파트너스', ' 유티씨인베스트먼트', ' 코벤트캐피탈파트너스']",진씨커,34
"['교보생명보험', ' 비공개개인투자자', ' 서울산업진흥원', ' 더인벤션랩', ' 케이비국민카드', ' 비공개투자자']",라이앤캐처스,49
['블루포인트파트너스'],크라이오에이치앤아이,60
"['타임폴리오자산운용', ' 지앤텍벤처투자', ' 미래에셋벤처투자', ' 미래에쿼티파트너스', ' 레이크우드파트너스', ' 길트엣지파트너스', ' 제이씨에셋자산운용', ' 비공개투자자', ' 비공개투자자', ' 지앤텍벤처투자', ' 비공개투자자', ' 비공개투자자']",애스톤사이언스,31
"['네오위즈', ' 케이프투자증권', ' 케이비인베스트먼트']",티앤케이팩토리,27
"['한국투자증권', ' 큐더스벤처스', ' 디에스자산운용', ' 프랙시스캐피탈파트너스', ' 엘비인베스트먼트', ' 마그나인베스트먼트', ' 인터베스트', ' 스마일게이트인베스트먼트', ' 옥타브라이프사이언스', ' 비공개투자자']",디앤디파마텍,82
"['제이비인베스트먼트', ' 머스트벤처스', ' 넥스트랜스', ' 젠엑시스']",모던토이,4
"['아이엠엠인베스트먼트', ' 포스코기술투자', ' 케이런벤처스', ' 엔에이치농협캐피탈', ' 디티앤인베스트먼트', ' 나우아이비캐피탈', ' 어니스트벤처스']",세니젠,35
"['밸류시스템자산운용', ' 타임와이즈인베스트먼트', ' 케이비증권', ' 디에이밸류인베스트먼트', ' 티그리스인베스트먼트', ' 에스비아이인베스트먼트', ' 얼머스인베스트먼트', ' 킹고투자파트너스', ' 코리아에셋투자증권', ' 파로스자산운용', ' 엘비인베스트먼트', ' 스마일게이트인베스트먼트', ' 미래에셋벤처투자', ' 컴퍼니케이파트너스', ' 스마일게이트인베스트먼트', ' 엘비인베스트먼트', ' 인터베스트', ' 엘비인베스트먼트', ' 팁스']",지피씨알,147
['제이엔피글로벌'],아트블렌딩,1
['비에이파트너스'],에스씨솔루션글로벌,1
"['티맵모빌리티', ' 미래에셋벤처투자', ' 에스브이인베스트먼트', ' 알바트로스인베스트먼트', ' 스틱벤처스', ' 인터베스트', ' 미래에셋벤처투자', ' 미래에셋증권', ' 에스브이인베스트먼트', ' 엘엑스인베스트먼트', ' 아주아이비투자', ' 아주아이비투자']",와이엘피,78
"['네이버클라우드', ' 디에스자산운용', ' 유진투자증권', ' 피티알자산운용']",오브젠,4
"['페이스메이커스', ' 한국벤처투자', ' 블루포인트파트너스']",펍플,76
['적격엔젤투자자'],픽플스,1
['씨아이파트너스'],헥사팩토리,1
['한국벤처투자'],해시브랜드,15
"['비공개', ' 아주아이비투자', ' 씨케이디창업투자', ' 리벤처스']",고산테크,4
['리벤처스'],네오리젠바이오텍,1
"['비공개', ' 디에이밸류인베스트먼트', ' 티그리스인베스트먼트', ' 인라이트벤처스']",피엘지,4
['새한창업투자'],더블랙레이블,1
"['기타', ' 한국산업은행', ' 투썬인베스트', ' 한국투자파트너스']",소프트캠프,42
['스튜어드파트너스'],데이터히어로,1
['씨엔티테크'],아이컴시스,60
"['킹슬리벤처스', ' 팁스', ' 에스엠시노기술투자']",래디센,41
"['미래에셋벤처투자', ' 인터베스트', ' 소프트뱅크벤처스', ' 프리미어파트너스', ' 소프트뱅크벤처스']",스트롱홀드테크놀로지,102
['디에스자산운용'],라이트팜텍,1
"['팁스', ' 블루포인트파트너스']",시브이바이오,70
"['아이비케이캐피탈', ' 서울투자파트너스', ' 에스제이투자파트너스', ' 이에스인베스터', ' 아이디벤처스']",카썸모빌리티,19
['우리은행'],아이리스아이디,1
['오즈원'],차비스,1
"['코스닥공모', ' 에이티넘인베스트먼트', ' 유안타인베스트먼트', ' 케이디비캐피탈']",레고켐바이오사이언스,18
['넥슨코리아'],네오플,1
"['멜로벤처스', ' 스케일벤처파트너스', ' 대홍테크뉴']",엔컴퓨팅,3
['nan'],센트비,1
"['케이앤투자파트너스', ' 한국벤처투자', ' 케이앤투자파트너스', ' 에스티캐피탈', ' 키움캐피탈']",에프비홀딩스,19
['엔터파트너즈'],스튜디오더블랙,1
['엠더블유앤컴퍼니'],에스아이지,1
['케이티클라우드'],스파크앤어소시에이츠,1
"['케이엘앤파트너스', ' 컴투스', ' 레드로버']",엠스토리허브,3
"['수이제네리스', ' 스마일게이트인베스트먼트', ' 하나금융지주', ' 넥스트랜스', ' 센트랄']",알씨이,34
"['지엑스씨', ' 카우라', ' 컴투스', ' 원스토어', ' 스마일게이트인베스트먼트', ' 대교인베스트먼트', ' 메디치인베스트먼트', ' 중소벤처기업진흥공단', ' 엥겔벤처스']",그램퍼스,40
"['교보증권', ' 펜타스톤인베스트먼트', ' 엘로힘파트너스', ' 에프앤에프파트너스', ' 엑센트리벤처스', ' 비공개', ' 엑센트리벤처스', ' 비공개투자자']",밤부네트워크,8
['기타'],하이브에듀,1
"['대성창업투자', ' 코나벤처파트너스', ' 디티앤인베스트먼트', ' 코로프라넥스트', ' 스마트스터디벤처스', ' 에프앤에프파트너스', ' 대교인베스트먼트', ' 이수창업투자', ' 유니온투자파트너스', ' 대성창업투자', ' 코나인베스트먼트', ' 서울산업진흥원', ' 디티앤인베스트먼트', ' 코로프라넥스트', ' 레전드리더인베스트먼트', ' 케이브릿지인베스트먼트', ' 레전드리더인베스트먼트']",바운드엔터테인먼트,33
"['메이슨캐피탈', ' 캑터스프라이빗에쿼티', ' 다올인베스트먼트']",아리바이오,3
['카카오엔터테인먼트'],스튜디오좋,1
"['디에이밸류인베스트먼트', ' 에스티리더스프라이빗에쿼티', ' 엠씨파트너스', ' 케이비증권', ' 한국투자증권', ' 메디치인베스트먼트', ' 스마일게이트인베스트먼트']",한내포티,36
"['바이오노트', ' 디에스씨인베스트먼트', ' 위드윈인베스트먼트', ' 디에스자산운용', ' 신한벤처투자', ' 아이엠엠인베스트먼트', ' 하랑기술투자', ' 아이비케이기업은행']",엔에이백신연구소,74
"['한국산업은행', ' 비디씨랩스', ' 메이플투자파트너스', ' 린드먼아시아인베스트먼트', ' 비공개투자자']",피앤씨솔루션,19
"['팁스', ' 부산지역대학연합기술지주']",에쓰엠팹,11
"['새한창업투자', ' 파트너스인베스트먼트', ' 아르케인베스트먼트', ' 쿼드자산운용', ' 이연제약', ' 세븐트리에쿼티파트너스', ' 디에이밸류인베스트먼트', ' 유경피에스지자산운용', ' 위드윈인베스트먼트', ' 에스브이인베스트먼트', ' 데일리파트너스', ' 이연제약', ' 파트너스인베스트먼트', ' 쿼드자산운용', ' 새한창업투자', ' 아르케인베스트먼트']",뉴라클제네틱스,30
"['인사이트에퀴티파트너스', ' 네이버', ' D2SF', ' 제놉시']",아이크로진,47
"['마그나인베스트먼트', ' 엘에스케이인베스트먼트']",큐제네틱스,31
"['지앤텍', ' 신한벤처투자', ' 비에스케이인베스트먼트', ' 대덕벤처파트너스', ' 길트엣지파트너스', ' 아주아이비투자', ' 하나증권', ' 보광창업투자', ' 미래에셋벤처투자', ' 지앤텍벤처투자', ' 신한벤처투자', ' 비에스케이인베스트먼트', ' 패스파인더에이치', ' 대덕벤처파트너스', ' 이앤벤처파트너스']",엠비디,90
['엠와이소셜컴퍼니'],웰피쉬,3
['컴퍼니에이'],세이인,1
"['팁스', ' 스파크랩', ' 엔슬파트너스']",브라이튼코퍼레이션,100
"['유한양행', ' 블루포인트파트너스', ' 팁스']",지놈오피니언,71
['카카오엔터테인먼트'],케이더블유북스,1
"['스마일게이트인베스트먼트', ' 파트너스인베스트먼트', ' 스톤브릿지캐피탈', ' 케이비증권', ' 아주아이비투자', ' 에이티넘인베스트먼트', ' 아이엠엠인베스트먼트', ' 스마일게이트인베스트먼트', ' 파트너스인베스트먼트', ' 에스케이증권', ' 엔에이치투자증권', ' 대신프라이빗에쿼티', ' 에이티넘인베스트먼트', ' 엘비인베스트먼트', ' 아이엠엠인베스트먼트', ' 스마일게이트인베스트먼트', ' 스마일게이트인베스트먼트']",베이글코드,203
"['쿨리지코너인베스트먼트', ' 동훈인베스트먼트', ' 디에이밸류인베스트먼트', ' 에스투엘파트너스', ' 쿨리지코너인베스트먼트']",스칸디에듀,5
"['김기사랩', ' 비공개개인투자자', ' 라구나인베스트먼트', ' 비공개개인투자자']",하이브,4
"['기술보증기금', ' 비공개개인투자자', ' 팁스', ' 더벤처스', ' 비공개개인투자자']",사운드리퍼블리카,73
"['디에스자산운용', ' 티그리스인베스트먼트', ' 유온인베스트먼트']",보령바이오파마,3
['비마이카'],아바라,1
"['블루포인트파트너스', ' 선보엔젤파트너스', ' 팁스']",엑세스랩,71
['씨엔티테크'],진원온원,60
"['데브시스터즈벤처스', ' 신용보증기금', ' 팁스', ' 미래과학기술지주', ' 인포뱅크']",헬로팩토리,73
['디쓰리쥬빌리파트너스'],더함,1
['비공개투자자'],프링커코리아,1
"['비공개투자자', ' 비공개투자자']",엑스엘게임즈,2
['엔씨소프트'],하이브로,1
['빅뱅엔젤스'],홀라컴퍼니,30
"['신한벤처투자', ' 디티앤인베스트먼트', ' 엠벤처투자', ' 유안타인베스트먼트', ' 유안타아시아인베스트먼트']",안지오랩,24
"['포스코기술투자', ' 엔에이치엔인베스트먼트', ' 마젤란기술투자', ' 500글로벌', ' 포스코기술투자', ' 비공개', ' 스트롱벤처스', ' 엔에이치엔인베스트먼트', ' 강원기술지주회사', ' 노정석']",쉐이커미디어,141
"['빅뱅엔젤스', ' 퓨처플레이']",멜리펀트,90
['스파크랩'],시끌커뮤니케이션즈,60
['인터베스트'],제넥신,1
['인텔캐피털'],이지시스템,40
"['비티씨인베스트먼트', ' 에이치비인베스트먼트', ' 비엔에이치인베스트먼트', ' 이노폴리스파트너스', ' 비에이파트너스', ' 킹고투자파트너스', ' 이앤인베스트먼트', ' 스퀘어벤처스', ' 아이비케이기업은행']",프로그린테크,23
"['알비더블유', ' 위지윅스튜디오']",얼반웍스,2
"['비공개', ' 게임체인저인베스트먼트', ' 빌랑스인베스트먼트', ' 안다아시아벤처스']",파워큐브세미,4
"['제테마', ' 웰컴캐피탈', ' 아이비케이캐피탈', ' 에이치비인베스트먼트', ' 제테마', ' 인탑스', ' 아이비케이기업은행']",페로카,21
"['비공개', ' 엘지유플러스']",에스에이엠지엔터테인먼트,2
"['오아시스에쿼티파트너스', ' 에스케이']",투라인코드,2
['위메이드이노베이션'],위메이드플레이,1
['킹고스프링'],청명첨단소재,1
"['한국투자증권', ' 파인밸류자산운용', ' 중져주식그룹']",아이도트,3
['인포뱅크'],라드피온,1
"['에이치비인베스트먼트', ' 타임폴리오자산운용', ' 유티씨인베스트먼트', ' 알바트로스인베스트먼트']",인세리브로,4
"['팁스', ' 스프링캠프']",아프스,40
['신용보증기금'],컨어스,60
['코웨이'],아이오베드,1
['신한대체투자운용'],에스에스모빌리티,1
"['씨엔티테크', ' 프라이머']",쿠돈,150
['퓨처플레이'],이퀄,60
"['컴퍼니에이', ' 신한디에스']",세컨그라운드,2
['스프링캠프'],김리을,30
['델타인베스트먼트'],알에셋마스터리스,1
['블루포인트파트너스'],휴카시스템,60
"['비공개개인투자자', ' 비에이파트너스', ' 롯데벤처스']",더에이아이랩,17
['한국투자파트너스'],트리거파트너스,25
"['한국투자파트너스', ' 에이티넘인베스트먼트', ' 디에스씨인베스트먼트', ' 서울투자파트너스', ' 한국투자증권', ' 아이센스', ' 한국투자파트너스', ' 에이티넘인베스트먼트', ' 디에스씨인베스트먼트', ' 아이센스', ' 한국투자파트너스', ' 에이티넘인베스트먼트', ' 케이비인베스트먼트']",프리시젼바이오,189
"['엠캐피탈', ' 웰컴캐피탈', ' 한국산업은행', ' 유안타인베스트먼트']",지피엠,18
"['엔에이치엔페이코', ' 엔에이치엔', ' 아이엠엠인베스트먼트', ' 사이버에이전트벤처즈코리아', ' 본엔젤스벤처파트너스', ' 엔텔스']",모코플렉스,79
['와이낫미디어'],오즈아레나,1
"['히스토리벤처투자', ' 하이투자증권', ' 엘케이', ' 리벤처스']",엔진비주얼웨이브,4
"['비공개', ' 파트너스인베스트먼트', ' 얼머스인베스트먼트', ' 비공개', ' 케이비인베스트먼트']",제노헬릭스,29
['비공개투자자'],스템모어,1
['하나금융지주'],픽스맨,1
"['현대기술투자', ' 한국콜마', ' 스톤브릿지벤처스', ' 현대투자파트너스', ' 에이치케이이노엔']",넥스트앤바이오,19
['nan'],진켐,1
['리벤처스'],나이프플러스,1
"['에스엘인베스트먼트', ' 소프트뱅크벤처스', ' 캡스톤파트너스']",캐럿게임즈,61
"['컴퍼니케이파트너스', ' 캡스톤파트너스']",펀플웍스,21
"['한국산업은행', ' 아이비케이기업은행', ' 디캠프', ' 포스코기술투자']",아비즈,55
